1,01-01-1995,0,0,0,1,1,1,0,0,0,0,0,0,0,0,0,0,0,0,0
2,01-01-1995,0,1,1,0,0,0,0,0,0,0,0,0,0,0,0,0,1,0,0
3,01-01-1995,0,0,0,0,0,0,0,0,0,0,0,0,0,0,0,0,1,0,0
4,01-01-1995,0,1,0,0,0,1,0,0,1,0,0,0,0,0,0,0,0,0,0
5,01-01-1995,0,0,0,0,0,0,1,0,1,0,0,0,0,0,0,0,1,0,0
6,01-01-1995,0,0,0,0,0,0,0,0,1,0,0,0,0,0,0,0,0,0,0
7,01-01-1995,0,0,0,0,0,0,0,0,1,0,0,0,0,0,0,1,0,0,0
8,01-01-1995,0,0,0,0,1,1,0,0,1,0,0,0,0,0,0,0,0,0,0
9,01-01-1995,0,0,0,0,0,0,0,0,1,0,0,0,0,0,0,0,0,0,0
10,22-01-1996,0,0,0,0,0,0,0,0,1,0,0,0,0,0,0,0,0,1,0
11,01-01-1995,0,0,0,0,0,0,1,0,0,0,0,0,0,0,0,0,1,0,0
12,14-08-1995,0,0,0,0,0,0,1,0,0,0,0,0,0,0,0,0,1,0,0
13,30-10-1995,0,0,0,0,0,1,0,0,0,0,0,0,0,0,0,0,0,0,0
14,01-01-1994,0,0,0,0,0,0,0,0,1,0,0,0,0,0,1,0,0,0,0
15,29-01-1996,0,0,0,0,0,0,0,0,1,0,0,0,0,0,0,0,0,0,0
16,01-01-1995,0,0,0,0,0,1,0,0,0,0,0,0,0,0,1,0,0,0,0
17,05-02-1996,0,1,0,0,0,1,1,0,0,0,0,1,0,0,0,0,1,0,0
18,01-01-1995,0,0,0,0,0,0,0,0,1,0,0,0,0,0,0,0,0,0,0
19,01-01-1995,0,0,0,0,0,0,0,0,1,0,0,0,0,0,0,0,0,0,0
20,01-01-1995,0,0,0,0,0,0,0,0,1,0,0,0,0,0,1,0,0,0,0
21,16-02-1996,0,1,1,0,0,1,0,0,0,0,0,0,1,0,0,0,1,0,0
22,16-02-1996,0,1,0,0,0,0,0,0,1,0,0,0,0,0,0,0,0,1,0
23,16-02-1996,0,0,0,0,0,0,0,0,1,0,0,0,0,0,0,0,1,0,0
24,23-02-1996,0,1,1,0,0,0,1,0,0,0,0,0,0,0,0,0,0,0,0
25,08-03-1996,0,0,0,0,0,1,0,0,0,0,0,0,0,0,0,0,0,0,0
26,01-01-1995,0,0,0,0,0,1,0,0,0,0,0,0,0,0,0,0,0,0,0
27,01-01-1995,0,1,0,0,0,0,0,0,0,0,0,0,0,0,0,0,0,0,0
28,01-01-1995,0,1,0,0,0,0,0,0,1,0,0,0,0,0,0,0,1,0,0
29,01-01-1995,0,1,1,0,0,1,1,0,0,0,0,0,0,0,0,0,0,0,0
30,01-01-1967,0,0,0,0,0,0,0,0,1,0,0,0,0,0,0,0,0,0,0
31,01-01-1995,0,0,0,0,0,0,0,0,1,0,0,0,0,0,0,0,1,1,0
32,01-01-1994,0,0,0,0,0,0,0,1,0,0,0,0,0,0,0,0,0,0,0
33,01-01-1995,0,1,0,0,0,0,0,0,0,0,0,0,0,0,1,0,1,0,0
34,01-01-1995,0,0,0,0,0,1,0,0,1,0,0,0,0,0,0,0,0,0,0
35,01-01-1995,0,0,1,0,1,0,0,0,1,0,0,0,0,0,0,0,0,0,0
36,01-01-1995,0,0,0,0,0,0,0,0,1,0,0,0,0,0,1,0,0,0,0
37,01-01-1994,0,0,0,0,0,0,0,0,1,0,0,0,0,0,0,0,0,0,0
38,01-01-1995,0,0,0,0,0,0,0,0,0,0,0,0,0,0,0,1,1,0,0
39,01-01-1995,0,1,0,0,0,0,1,0,0,0,0,0,0,0,0,1,0,0,0
40,01-01-1995,0,0,0,0,0,1,0,0,0,0,0,0,0,0,0,0,0,0,0
41,01-01-1995,0,0,0,0,0,1,0,0,0,0,0,0,0,0,0,0,0,0,0
42,01-01-1994,0,0,0,0,0,1,0,0,0,0,0,0,0,0,0,0,0,0,0
43,01-01-1994,0,0,0,0,0,0,0,0,1,0,0,0,0,0,0,0,1,0,0
44,01-01-1994,0,0,0,0,0,0,0,0,1,0,0,0,0,0,0,0,1,0,0
45,01-01-1994,0,0,0,0,0,1,0,0,1,0,0,0,0,0,0,0,0,0,0
46,01-01-1994,0,0,0,0,0,0,0,0,1,0,0,0,0,0,0,0,0,0,0
47,01-01-1994,0,0,0,0,0,1,0,0,1,0,0,0,0,0,0,0,0,0,0
48,01-01-1994,0,0,0,0,0,0,0,1,0,0,0,0,0,0,0,0,0,0,0
49,01-01-1994,0,0,0,0,0,1,0,0,0,0,0,0,0,0,1,0,0,0,0
50,01-01-1977,0,1,1,0,0,0,0,0,0,0,0,0,0,0,1,1,0,1,0
51,01-01-1994,0,0,0,0,0,0,0,0,1,0,0,0,0,0,1,0,0,1,1
52,01-01-1994,0,0,0,0,0,0,0,0,1,0,0,0,0,0,0,0,0,0,0
53,01-01-1994,0,1,0,0,0,0,0,0,0,0,0,0,0,0,0,0,1,0,0
54,01-01-1995,0,1,0,0,0,0,0,0,1,0,0,0,0,0,0,0,1,0,0
55,01-01-1994,0,0,0,0,0,0,1,0,1,0,0,0,0,0,1,0,1,0,0
56,01-01-1994,0,0,0,0,0,0,1,0,1,0,0,0,0,0,0,0,0,0,0
57,01-01-1994,0,0,0,0,0,0,0,0,1,0,0,0,0,0,0,0,0,0,0
58,01-01-1994,0,0,0,0,0,0,0,0,1,0,0,0,0,0,0,0,0,0,0
59,01-01-1994,0,0,0,0,0,0,0,0,1,0,0,0,0,0,0,0,0,0,0
60,01-01-1993,0,0,0,0,0,0,0,0,1,0,0,0,0,0,0,0,0,0,0
61,01-01-1994,0,0,0,0,0,0,0,0,1,0,0,0,0,0,0,0,0,0,0
62,01-01-1994,0,1,1,0,0,0,0,0,0,0,0,0,0,0,0,1,0,0,0
63,01-01-1994,0,0,0,0,1,1,0,0,0,0,0,0,0,0,0,0,0,0,0
64,01-01-1994,0,0,0,0,0,0,0,0,1,0,0,0,0,0,0,0,0,0,0
65,01-01-1993,0,0,0,0,0,1,0,0,1,0,0,0,0,0,0,0,0,0,0
66,01-01-1995,0,0,0,0,0,1,0,0,0,0,0,0,0,0,1,0,0,0,0
67,01-01-1994,0,0,0,0,0,1,0,0,0,0,0,0,0,0,0,0,0,0,0
68,01-01-1994,0,1,0,0,0,0,0,0,0,0,0,0,0,0,1,0,1,0,0
69,01-01-1994,0,0,0,0,0,1,0,0,0,0,0,0,0,0,1,0,0,1,0
70,01-01-1994,0,0,0,0,0,1,0,0,0,0,0,0,0,0,1,0,0,0,0
71,01-01-1994,0,0,0,1,1,0,0,0,0,0,0,0,1,0,0,0,0,0,0
72,01-01-1994,0,0,0,0,0,1,1,0,0,1,0,0,0,0,0,0,0,0,0
73,01-01-1994,0,1,0,0,0,1,0,0,0,0,0,0,0,0,0,0,0,0,1
74,01-01-1965,0,1,0,0,0,1,0,0,1,0,0,0,0,0,0,0,0,0,0
75,01-01-1994,0,0,0,0,0,0,0,1,0,0,0,0,0,0,0,0,0,0,0
76,01-01-1993,0,0,0,0,0,0,1,0,1,0,0,0,0,0,0,0,0,0,0
77,01-01-1993,0,0,0,0,0,0,0,0,1,0,0,0,0,0,0,0,1,0,0
78,01-01-1993,0,0,1,0,1,0,0,0,1,0,0,0,0,0,0,0,0,0,0
79,01-01-1993,0,1,0,0,0,0,0,0,0,0,0,0,0,0,0,0,1,0,0
80,01-01-1993,0,1,0,0,0,1,0,0,0,0,0,0,0,0,0,0,0,1,0
81,01-01-1994,0,0,0,0,0,1,0,0,0,0,0,0,0,0,1,0,0,0,0
82,01-01-1993,0,1,1,0,0,0,0,0,0,0,0,0,0,0,0,1,0,0,0
83,01-01-1993,0,0,0,0,0,1,0,0,0,0,0,0,0,0,1,0,0,0,0
84,01-01-1994,0,0,0,0,0,0,0,0,0,0,0,1,0,0,0,1,0,0,0
85,01-01-1994,0,0,0,0,0,1,0,0,0,0,0,0,0,0,0,0,0,0,0
86,01-01-1993,0,0,0,0,0,0,0,0,1,0,0,0,0,0,0,0,0,0,0
87,01-01-1993,0,0,0,0,0,0,0,0,1,0,0,0,0,0,0,0,0,0,0
88,01-01-1993,0,0,0,0,0,1,0,0,0,0,0,0,0,0,1,0,0,0,0
89,01-01-1982,0,0,0,0,0,0,0,0,0,0,1,0,0,0,0,1,0,0,0
90,01-01-1993,0,0,0,0,0,1,0,0,0,0,0,0,0,0,1,0,1,0,0
91,01-01-1993,0,0,0,0,1,1,0,0,0,0,0,0,1,0,0,0,0,0,0
92,01-01-1993,0,1,0,0,0,0,1,0,0,0,0,0,0,0,1,0,0,0,0
93,24-05-1996,0,0,0,0,0,1,0,0,1,0,0,0,0,0,0,0,0,0,0
94,01-01-1990,0,0,0,0,1,1,0,0,0,0,0,0,0,0,0,0,0,0,0
95,01-01-1992,0,0,0,1,1,1,0,0,0,0,0,0,1,0,0,0,0,0,0
96,01-01-1991,0,1,0,0,0,0,0,0,0,0,0,0,0,0,0,1,1,0,0
97,01-01-1990,0,0,1,0,0,0,0,0,1,0,0,0,0,0,0,0,0,0,1
98,01-01-1991,0,0,0,0,0,0,0,0,1,0,0,0,0,0,0,0,1,0,0
99,01-01-1937,0,0,0,1,1,0,0,0,0,0,0,0,1,0,0,0,0,0,0
100,14-02-1997,0,0,0,0,0,0,1,0,1,0,0,0,0,0,0,0,1,0,0
101,08-03-1981,0,1,1,1,0,0,0,0,0,0,0,1,0,0,0,1,0,0,0
102,01-01-1970,0,0,0,1,1,0,0,0,0,0,0,0,0,0,0,0,0,0,0
103,29-03-1996,0,0,0,1,1,0,0,0,0,0,0,0,1,0,0,0,0,0,0
104,29-03-1996,0,0,0,0,0,1,0,0,0,0,0,0,0,0,0,0,0,0,0
105,29-03-1996,0,0,0,0,0,1,0,0,0,0,0,0,0,0,0,0,0,0,0
106,01-01-1996,0,0,0,0,0,0,0,0,1,0,0,0,0,0,0,0,1,0,0
107,14-06-1996,0,0,0,0,0,0,0,0,1,0,0,0,0,0,0,0,0,0,0
108,12-04-1996,0,0,0,0,0,1,0,0,0,0,0,0,0,0,0,0,0,0,0
109,19-04-1996,0,0,0,0,0,1,0,0,0,0,0,0,0,0,0,1,0,0,0
110,01-01-1995,0,1,1,0,0,1,0,0,0,0,0,0,0,0,0,0,0,1,0
111,26-04-1996,0,0,0,0,0,1,0,0,0,0,0,0,0,0,1,0,0,0,0
112,10-05-1996,0,0,1,0,1,0,0,0,0,0,0,0,0,0,0,0,0,0,0
113,19-04-1996,0,0,0,0,0,0,0,0,1,0,0,0,0,0,0,0,0,0,0
114,05-04-1996,0,0,0,1,0,0,0,0,0,0,0,0,0,0,0,0,0,0,0
115,26-04-1996,0,0,0,0,0,0,0,1,0,0,0,0,0,0,0,0,0,0,0
116,23-04-1996,0,0,0,0,0,1,0,0,0,0,0,0,0,0,0,0,0,0,0
117,07-06-1996,0,1,1,0,0,0,0,0,0,0,0,0,0,0,0,0,1,0,0
118,10-05-1996,0,1,1,0,0,0,0,0,0,0,0,0,0,0,0,0,1,0,0
119,01-01-1994,0,0,0,0,0,0,0,1,0,0,0,0,0,0,0,0,0,0,0
120,28-06-1996,0,0,0,0,0,1,1,0,0,0,0,0,0,0,0,0,0,0,0
121,03-07-1996,0,1,0,0,0,0,0,0,0,0,0,0,0,0,0,1,0,1,0
122,14-06-1996,0,0,0,0,0,1,0,0,0,0,0,0,0,0,0,0,0,0,0
123,19-07-1996,0,0,0,0,0,1,0,0,0,0,0,1,0,0,0,0,0,0,0
124,21-06-1996,0,0,0,0,0,0,0,0,1,0,0,0,0,1,0,0,0,0,0
125,29-06-1996,0,0,0,0,0,0,0,0,1,0,0,0,0,0,1,0,0,0,0
126,06-09-1996,0,0,0,0,0,0,0,0,1,0,0,0,0,0,0,0,0,0,0
127,01-01-1972,0,1,0,0,0,0,1,0,1,0,0,0,0,0,0,0,0,0,0
128,26-07-1996,0,1,0,0,0,0,0,0,0,0,0,0,0,0,0,0,1,0,0
129,04-10-1996,0,0,0,0,0,0,1,0,1,0,0,0,0,0,1,0,1,0,0
130,16-08-1996,0,0,0,0,0,0,1,0,0,0,0,0,0,0,0,0,0,0,0
131,01-01-1961,0,0,0,0,0,0,0,0,1,0,0,0,0,0,1,0,0,0,0
132,01-01-1939,0,0,1,0,1,0,0,0,1,0,0,0,1,0,0,0,0,0,0
133,01-01-1939,0,0,0,0,0,0,0,0,1,0,0,0,0,0,1,0,0,1,0
134,01-01-1941,0,0,0,0,0,0,0,0,1,0,0,0,0,0,0,0,0,0,0
135,01-01-1968,0,0,0,0,0,0,0,0,1,0,0,0,0,1,0,1,1,0,0
136,01-01-1939,0,0,0,0,0,0,0,0,1,0,0,0,0,0,0,0,0,0,0
137,20-09-1996,0,0,0,0,0,0,0,0,1,0,0,0,0,0,0,0,0,0,0
138,04-10-1996,0,0,0,0,1,1,0,0,0,0,0,0,0,0,0,0,0,0,0
139,01-01-1969,0,0,0,0,1,1,0,0,0,0,0,0,0,0,0,0,0,0,0
140,01-01-1993,0,0,1,0,1,0,0,0,0,0,0,0,0,0,0,0,0,0,0
141,01-01-1954,0,0,1,0,1,0,0,0,0,1,0,0,0,0,0,1,0,0,0
142,01-01-1971,0,0,1,0,1,0,0,0,0,0,0,0,1,0,0,0,0,0,0
143,01-01-1965,0,0,0,0,0,0,0,0,0,0,0,0,1,0,0,0,0,0,0
144,01-01-1988,0,1,0,0,0,0,0,0,0,0,0,0,0,0,0,0,1,0,0
145,01-01-1992,0,1,0,0,0,0,0,0,0,0,0,0,0,0,0,1,1,0,0
146,30-10-1996,0,0,0,0,0,0,0,0,1,0,0,0,0,0,0,0,0,0,0
147,05-10-1996,0,1,0,0,0,0,0,0,0,0,0,0,0,0,0,0,1,0,0
148,11-10-1996,0,1,1,0,0,0,0,0,0,0,0,0,0,0,0,0,0,0,0
149,01-11-1996,0,0,0,0,0,0,0,0,1,0,0,0,0,0,0,0,0,0,0
150,18-10-1996,0,0,0,0,0,1,0,0,1,0,0,0,0,0,0,0,0,0,0
151,01-01-1971,0,0,1,0,1,1,0,0,0,0,0,0,0,0,0,0,0,0,0
152,01-01-1973,0,0,0,0,0,1,0,0,0,0,0,0,0,0,0,1,0,0,0
153,01-01-1988,0,0,0,0,0,1,0,0,0,0,0,0,0,0,0,0,0,0,0
154,01-01-1979,0,0,0,0,0,1,0,0,0,0,0,0,0,0,0,0,0,0,0
155,01-01-1987,0,0,0,0,0,0,0,0,0,0,0,0,1,0,1,0,0,0,0
156,01-01-1992,0,0,0,0,0,0,1,0,0,0,0,0,0,0,0,0,1,0,0
157,01-01-1986,0,0,0,0,0,0,0,0,1,0,0,0,0,0,0,0,0,1,0
158,01-01-1989,0,0,0,0,0,1,0,0,0,0,0,0,0,0,0,0,0,0,0
159,01-01-1992,0,0,0,0,0,0,0,0,0,0,0,0,0,1,0,0,1,0,0
160,01-01-1992,0,0,0,0,0,0,0,0,1,0,0,0,0,0,0,0,0,0,0
161,01-01-1986,0,1,0,0,0,0,0,0,0,0,0,0,0,0,1,0,0,0,0
162,01-01-1981,0,0,0,0,0,0,0,0,1,0,0,0,0,0,0,0,0,0,0
163,01-01-1974,0,0,0,0,0,1,0,0,0,0,0,0,0,0,0,0,0,0,0
164,01-01-1989,0,1,1,0,0,0,0,0,0,0,0,0,0,0,0,1,1,0,0
165,01-01-1986,0,0,0,0,0,0,0,0,1,0,0,0,0,0,0,0,0,0,0
166,01-01-1986,0,0,0,0,0,0,0,0,1,0,0,0,0,0,0,0,0,0,0
167,01-01-1980,0,0,0,0,0,1,0,0,0,0,0,0,0,0,0,0,0,0,0
168,01-01-1974,0,0,0,0,0,1,0,0,0,0,0,0,0,0,0,0,0,0,0
169,01-01-1993,0,0,0,1,0,1,0,0,0,0,0,0,0,0,0,0,0,0,0
170,01-01-1988,0,0,0,0,0,1,0,0,1,0,0,0,0,0,1,0,0,0,0
171,01-01-1991,0,0,0,0,0,1,0,0,0,0,0,0,0,0,0,1,0,0,0
172,01-01-1980,0,1,1,0,0,0,0,0,1,0,0,0,0,0,1,1,0,1,0
173,01-01-1987,0,1,1,0,0,1,0,0,0,0,0,0,0,0,1,0,0,0,0
174,01-01-1981,0,1,1,0,0,0,0,0,0,0,0,0,0,0,0,0,0,0,0
175,01-01-1985,0,0,0,0,0,0,0,0,0,0,0,0,0,0,0,1,0,0,0
176,01-01-1986,0,1,0,0,0,0,0,0,0,0,0,0,0,0,0,1,1,1,0
177,01-01-1966,0,1,0,0,0,0,0,0,0,0,0,0,0,0,0,0,0,0,1
178,01-01-1957,0,0,0,0,0,0,0,0,1,0,0,0,0,0,0,0,0,0,0
179,01-01-1971,0,0,0,0,0,0,0,0,0,0,0,0,0,0,0,1,0,0,0
180,01-01-1979,0,0,0,0,0,0,0,0,1,0,0,0,0,0,0,0,0,1,0
181,14-03-1997,0,1,1,0,0,0,0,0,0,0,0,0,0,0,1,1,0,1,0
182,01-01-1990,0,0,0,0,0,0,1,0,1,0,0,0,0,0,0,0,0,0,0
183,01-01-1979,0,1,0,0,0,0,0,0,0,0,0,1,0,0,0,1,1,0,0
184,01-01-1993,0,1,1,0,0,1,0,0,0,0,0,1,0,0,0,1,0,0,0
185,01-01-1960,0,0,0,0,0,0,0,0,0,0,0,1,0,0,1,0,1,0,0
186,01-01-1980,0,1,0,0,0,1,0,0,0,0,0,0,1,0,0,0,0,0,0
187,01-01-1974,0,1,0,0,0,0,1,0,1,0,0,0,0,0,0,0,0,0,0
188,01-01-1987,0,1,0,0,0,0,0,0,1,0,0,0,0,0,0,0,0,1,0
189,01-01-1992,0,0,0,1,0,1,0,0,0,0,0,0,0,0,0,0,0,0,0
190,01-01-1989,0,0,0,0,0,0,0,0,1,0,0,0,0,0,0,0,0,1,0
191,01-01-1984,0,0,0,0,0,0,0,0,1,0,0,0,0,1,0,0,0,0,0
192,01-01-1980,0,0,0,0,0,0,0,0,1,0,0,0,0,0,0,0,0,0,0
193,01-01-1983,0,0,0,0,0,0,0,0,1,0,0,0,0,0,0,0,0,0,0
194,01-01-1973,0,0,0,0,0,1,1,0,0,0,0,0,0,0,0,0,0,0,0
195,01-01-1984,0,1,0,0,0,0,0,0,0,0,0,0,0,0,0,1,1,0,0
196,01-01-1989,0,0,0,0,0,0,0,0,1,0,0,0,0,0,0,0,0,0,0
197,01-01-1967,0,0,0,0,0,0,0,0,1,0,0,0,0,0,1,0,0,0,0
198,01-01-1990,0,0,0,0,0,0,0,0,0,0,0,0,0,0,0,0,1,0,0
199,01-01-1957,0,0,0,0,0,0,0,0,1,0,0,0,0,0,0,0,0,1,0
200,01-01-1980,0,0,0,0,0,0,0,0,0,0,0,1,0,0,0,0,0,0,0
201,01-01-1987,0,1,1,0,0,1,0,0,0,0,0,1,0,0,0,0,0,0,0
202,01-01-1993,0,0,0,0,0,1,0,0,0,0,0,0,0,0,1,0,0,0,0
203,01-01-1992,0,0,0,0,0,0,0,0,0,0,0,0,0,0,0,0,0,0,1
204,01-01-1985,0,0,0,0,0,1,0,0,0,0,0,0,0,0,0,1,0,0,0
205,01-01-1970,0,0,0,0,0,0,0,0,1,0,0,0,0,0,0,0,0,1,0
206,01-01-1988,0,0,1,1,0,0,0,0,0,0,0,0,0,0,0,1,1,0,0
207,01-01-1990,0,1,0,0,0,0,0,0,1,0,0,0,0,0,1,0,0,0,0
208,01-01-1974,0,0,0,0,0,1,0,0,0,0,0,1,0,0,0,0,0,0,0
209,01-01-1984,0,0,0,0,0,1,0,0,1,0,0,0,1,0,0,0,0,0,0
210,01-01-1989,0,1,1,0,0,0,0,0,0,0,0,0,0,0,0,0,0,0,0
211,01-01-1970,0,0,0,0,0,1,0,0,0,0,0,0,0,0,0,0,0,1,0
212,01-01-1988,0,0,0,0,0,0,0,0,1,0,0,0,0,0,0,0,0,0,0
213,01-01-1986,0,0,0,0,0,0,0,0,1,0,0,0,0,0,1,0,0,0,0
214,01-01-1982,0,0,0,0,0,0,0,0,1,0,0,0,1,0,0,0,0,1,0
215,01-01-1989,0,0,0,0,0,0,0,0,1,0,0,0,0,0,0,0,0,0,0
216,01-01-1989,0,0,0,0,0,1,0,0,0,0,0,0,0,0,1,0,0,0,0
217,01-01-1992,0,0,0,0,0,0,0,0,0,0,0,1,0,0,1,0,0,0,0
218,01-01-1991,0,0,0,0,0,0,0,0,0,0,0,0,0,0,0,0,1,0,0
219,01-01-1984,0,0,0,0,0,0,0,0,0,0,0,1,0,0,0,0,0,0,0
220,15-11-1996,0,0,0,0,0,1,0,0,0,0,0,0,0,0,1,0,0,0,0
221,15-11-1996,0,0,0,0,0,0,0,0,1,0,0,0,0,0,0,0,0,0,0
222,22-11-1996,0,1,1,0,0,0,0,0,0,0,0,0,0,0,0,1,0,0,0
223,22-11-1996,0,0,0,0,0,0,0,0,1,0,0,0,0,0,0,0,1,0,0
224,27-11-1996,0,0,0,0,0,0,0,0,1,0,0,0,0,0,0,0,0,0,0
225,27-11-1996,0,0,0,0,1,1,0,0,0,0,0,0,0,0,0,0,0,0,0
226,01-01-1990,0,1,0,0,0,0,0,0,0,0,0,0,0,0,0,0,1,0,0
227,01-01-1991,0,1,1,0,0,0,0,0,0,0,0,0,0,0,0,1,0,0,0
228,01-01-1982,0,1,1,0,0,0,0,0,0,0,0,0,0,0,0,1,0,0,0
229,01-01-1984,0,1,1,0,0,0,0,0,0,0,0,0,0,0,0,1,0,0,0
230,01-01-1986,0,1,1,0,0,0,0,0,0,0,0,0,0,0,0,1,0,0,0
231,01-01-1992,0,1,1,0,0,1,1,0,0,0,0,0,0,0,0,0,0,0,0
232,01-01-1988,0,1,0,0,0,1,0,0,0,0,0,0,0,0,0,0,0,0,1
233,01-01-1992,0,1,0,0,0,0,0,0,0,0,0,0,0,0,0,0,0,0,0
234,01-01-1975,0,1,0,0,0,0,0,0,0,0,0,1,0,0,0,0,0,0,0
235,13-12-1996,0,1,0,0,0,1,0,0,0,0,0,0,0,0,0,1,0,1,0
236,13-12-1996,0,0,0,0,0,1,0,0,1,0,0,0,0,0,0,0,0,0,0
237,13-12-1996,0,0,0,0,0,0,0,0,1,0,0,0,0,0,1,0,0,0,0
238,01-01-1987,0,0,0,0,0,1,0,0,0,0,0,0,0,0,0,0,0,0,0
239,01-01-1992,0,0,0,0,0,0,1,0,1,0,0,0,0,0,0,1,0,0,0
240,20-12-1996,0,0,0,1,0,1,0,0,0,0,0,0,0,0,0,0,0,0,0
241,01-01-1992,0,1,0,0,0,0,0,0,0,0,0,0,0,0,1,0,0,1,0
242,24-01-1997,0,0,0,0,0,1,0,0,0,0,0,0,0,0,0,0,0,0,0
243,07-03-1997,0,0,0,0,1,1,0,0,0,0,0,0,0,0,0,0,0,0,0
244,14-03-1997,0,1,0,0,0,0,0,0,1,0,0,0,0,0,0,0,1,0,0
245,26-03-1997,0,1,0,0,0,0,0,0,1,0,0,0,0,0,0,0,1,1,0
246,01-01-1997,0,0,0,0,0,0,0,0,1,0,0,0,0,0,1,0,0,0,0
247,28-03-1997,0,1,1,0,1,0,0,0,0,0,0,0,0,0,0,0,0,0,0
248,11-04-1997,0,0,0,0,0,1,1,0,0,0,0,0,0,0,0,0,0,0,0
249,02-05-1997,0,0,0,0,0,1,0,0,0,0,0,0,0,0,0,0,0,0,0
250,09-05-1997,0,1,0,0,0,0,0,0,0,0,0,0,0,0,0,1,0,0,0
251,11-07-1997,0,0,0,0,0,1,0,0,0,0,0,0,0,0,0,0,0,0,0
252,23-05-1997,0,1,1,0,0,0,0,0,0,0,0,0,0,0,0,1,1,0,0
253,13-06-1997,0,0,0,0,0,0,0,0,1,0,0,0,0,0,1,0,0,0,0
254,20-06-1997,0,1,1,0,0,0,1,0,0,0,0,0,0,0,0,0,0,0,0
255,20-06-1997,0,0,0,0,0,1,0,0,0,0,0,0,0,0,1,0,0,0,0
256,20-06-1997,0,0,0,0,0,1,0,0,0,0,0,0,0,0,1,0,0,0,0
257,04-07-1997,0,1,1,0,0,1,0,0,0,0,0,0,0,0,0,1,0,0,0
258,11-07-1997,0,0,0,0,0,0,0,0,1,0,0,0,0,0,0,1,0,0,0
259,01-01-1997,0,0,0,0,1,1,0,0,0,0,0,0,0,0,0,0,0,0,0
260,01-01-1997,0,1,0,0,0,0,0,0,0,0,0,0,0,1,0,1,1,0,0
261,01-08-1997,0,0,0,0,1,1,0,0,0,0,0,0,0,0,0,0,0,0,0
262,01-08-1997,0,0,0,0,0,0,0,0,1,0,0,0,0,0,0,0,0,0,0
263,15-08-1997,0,1,0,0,0,0,0,0,0,0,0,0,0,0,0,0,0,0,0
264,22-08-1997,0,0,0,0,0,0,0,0,0,0,0,0,0,0,0,1,1,0,0
265,01-01-1990,0,1,0,0,0,0,0,0,0,0,0,0,0,0,0,0,1,0,0
266,29-08-1997,0,1,1,0,0,0,0,0,0,0,0,0,0,0,0,0,0,0,0
267,,1,0,0,0,0,0,0,0,0,0,0,0,0,0,0,0,0,0,0
268,01-01-1997,0,0,0,0,0,0,0,0,1,0,0,0,0,0,1,0,0,0,0
269,01-01-1997,0,0,0,0,0,1,0,0,0,0,0,0,0,0,0,0,0,0,0
270,01-01-1997,0,0,0,0,0,0,0,0,1,0,0,0,0,0,0,1,1,0,0
271,01-01-1997,0,1,1,0,0,0,0,0,0,0,0,0,0,0,0,1,0,1,0
272,01-01-1997,0,0,0,0,0,0,0,0,1,0,0,0,0,0,0,0,0,0,0
273,01-01-1995,0,1,0,0,0,0,1,0,0,0,0,0,0,0,0,0,1,0,0
274,01-01-1995,0,0,0,0,0,1,0,0,0,0,0,0,0,0,1,0,0,0,0
275,01-01-1995,0,0,0,0,0,0,0,0,1,0,0,0,0,0,1,0,0,0,0
276,01-01-1995,0,0,0,0,0,0,0,0,1,0,0,0,0,0,1,0,0,0,0
277,01-01-1995,0,0,0,0,0,0,0,0,1,0,0,0,0,0,0,0,0,0,0
278,01-01-1996,0,0,0,0,0,0,0,0,1,0,0,0,0,0,1,0,0,0,0
279,01-01-1995,0,0,0,0,0,0,0,0,1,0,0,0,0,0,0,0,0,0,0
280,01-03-1996,0,0,0,0,0,0,0,0,1,0,0,0,0,0,1,0,0,0,0
281,01-01-1994,0,1,0,0,0,0,0,0,0,0,0,0,0,0,0,0,1,0,0
282,13-07-1996,0,0,0,0,0,0,0,0,1,0,0,0,0,0,0,0,0,0,0
283,02-08-1996,0,0,0,0,0,0,0,0,1,0,0,0,0,0,1,0,0,0,0
284,16-08-1996,0,0,0,0,0,1,0,0,0,0,0,0,0,0,1,0,0,0,0
285,04-10-1996,0,0,0,0,0,0,0,0,1,0,0,0,0,0,0,0,0,0,0
286,15-11-1996,0,0,0,0,0,0,0,0,1,0,0,0,0,0,1,0,0,1,0
287,18-12-1996,0,0,0,0,0,0,0,0,1,0,0,0,0,0,0,0,0,0,0
288,20-12-1996,0,0,0,0,0,0,0,0,0,0,0,1,0,0,0,0,1,0,0
289,25-12-1996,0,0,0,0,0,0,0,0,1,0,0,0,1,0,0,0,0,0,0
290,10-01-1997,0,0,0,0,0,1,0,0,0,0,0,0,0,0,0,0,0,0,0
291,14-02-1997,0,0,0,0,0,0,0,0,0,0,0,0,0,1,0,0,1,0,0
292,21-02-1997,0,0,0,0,0,0,0,0,1,0,0,0,0,0,0,0,0,0,0
293,28-02-1997,0,0,0,0,0,0,1,0,1,0,0,0,0,0,0,0,0,0,0
294,21-03-1997,0,0,0,0,0,1,0,0,0,0,0,0,0,0,0,0,0,0,0
295,02-05-1997,0,1,0,0,0,0,0,0,0,0,0,0,0,0,0,0,1,0,0
296,16-05-1997,0,0,0,0,0,0,0,0,1,0,0,0,0,0,0,0,0,0,0
297,01-01-1997,0,0,0,0,0,0,0,0,1,0,0,0,0,0,0,0,0,0,0
298,27-06-1997,0,1,0,0,0,0,0,0,0,0,0,0,0,0,0,1,1,0,0
299,22-08-1997,0,0,0,0,0,0,1,0,1,0,1,0,0,0,0,0,0,0,0
300,01-01-1997,0,1,0,0,0,0,0,0,0,0,0,0,0,0,0,0,1,0,0
301,19-09-1997,0,0,0,0,0,1,0,0,0,0,0,0,0,0,0,0,0,0,0
302,01-01-1997,0,0,0,0,0,0,1,0,0,0,1,0,0,1,0,0,1,0,0
303,01-01-1997,0,0,0,0,0,0,0,0,1,0,0,0,0,0,0,0,0,0,0
304,13-09-1996,0,0,1,0,1,0,0,0,0,0,0,0,0,0,0,0,0,0,0
305,01-01-1997,0,0,0,0,0,0,0,0,1,0,0,0,0,0,0,0,0,0,0
306,01-01-1997,0,0,0,0,0,0,0,0,1,0,0,0,0,0,1,0,0,0,0
307,01-01-1997,0,0,0,0,0,0,1,0,0,0,0,1,0,1,0,0,1,0,0
308,01-01-1997,0,0,0,0,1,0,0,0,1,1,0,0,0,0,0,0,0,0,0
309,01-01-1997,0,0,0,0,0,0,1,0,0,0,0,0,0,0,0,0,0,0,0
310,01-01-1997,0,0,0,0,0,0,0,0,1,0,0,0,0,0,0,0,0,0,0
311,01-01-1997,0,0,0,0,0,0,0,0,1,0,0,0,0,0,1,0,1,0,0
312,01-01-1997,0,0,0,0,0,1,1,0,1,0,0,0,0,1,0,0,0,0,0
313,01-01-1997,0,1,0,0,0,0,0,0,1,0,0,0,0,0,1,0,0,0,0
314,01-01-1997,0,1,0,0,1,0,0,0,0,0,0,0,0,0,0,0,0,0,0
315,23-10-1998,0,0,0,0,0,0,0,0,1,0,0,0,0,0,0,0,1,0,0
316,23-12-1997,0,0,0,0,0,1,0,0,1,0,0,0,0,0,0,0,0,0,0
317,01-01-1993,0,0,0,0,0,0,0,0,1,0,0,0,0,0,0,0,0,0,0
318,01-01-1993,0,0,0,0,0,0,0,0,1,0,0,0,0,0,0,0,0,1,0
319,06-12-1996,0,0,0,0,0,1,0,0,0,0,0,0,1,0,1,0,0,0,0
320,06-12-1996,0,0,0,0,0,0,0,1,0,0,0,0,0,0,0,0,0,0,0
321,25-12-1996,0,0,0,0,0,1,0,0,0,0,0,0,0,0,0,0,0,0,0
322,18-04-1997,0,0,0,0,0,0,0,0,0,0,0,0,0,1,0,0,1,0,0
323,07-02-1997,0,1,0,0,0,0,0,0,0,0,0,0,0,0,0,0,1,0,0
324,21-02-1997,0,0,0,0,0,0,0,0,0,0,0,0,0,1,0,0,0,0,0
325,21-03-1997,0,0,0,0,0,0,0,0,1,0,0,0,0,0,0,0,1,0,0
326,01-01-1997,0,1,0,0,0,0,0,0,1,0,0,0,0,0,0,0,0,1,0
327,01-01-1997,0,0,0,0,0,0,1,0,1,0,0,0,0,1,0,0,0,0,0
328,08-08-1997,0,1,0,0,0,0,0,0,0,0,0,0,0,1,1,0,1,0,0
329,30-01-1998,0,0,0,0,0,0,1,0,1,0,0,0,0,0,0,0,1,0,0
330,01-01-1997,0,0,0,0,0,0,0,0,1,0,0,0,0,0,0,0,0,0,0
331,26-09-1997,0,0,1,0,0,0,0,0,0,0,0,0,0,0,0,0,1,0,0
332,01-01-1997,0,0,0,0,0,0,1,0,1,0,0,0,0,0,0,0,1,0,0
333,01-01-1997,0,0,0,0,0,0,0,0,0,0,0,0,0,1,0,0,1,0,0
334,01-01-1997,0,1,0,0,0,0,1,0,0,0,0,0,0,1,0,0,0,0,0
335,01-01-1997,0,0,0,0,0,1,0,0,0,0,0,0,0,0,0,0,0,0,0
336,01-01-1997,0,0,0,0,0,0,1,0,0,0,0,0,0,0,0,0,1,0,0
337,01-01-1997,0,0,0,0,0,1,0,0,1,0,0,0,0,0,0,0,1,0,0
338,01-01-1997,0,0,0,0,0,1,0,0,0,0,0,0,0,0,0,0,0,0,0
339,01-01-1997,0,1,0,0,0,0,0,0,1,0,0,0,0,0,0,0,0,0,0
340,01-01-1997,0,0,0,0,0,0,0,0,1,0,0,0,0,0,0,0,0,0,0
341,01-01-1997,0,0,0,0,0,1,0,0,0,0,0,0,0,0,0,0,0,0,0
342,01-01-1997,0,0,0,0,0,1,0,0,0,0,0,0,0,1,0,0,0,0,0
343,01-01-1997,0,1,0,0,0,0,0,0,0,0,0,1,0,0,0,1,0,0,0
344,18-12-1997,0,0,0,0,0,0,0,0,1,0,0,0,0,0,0,0,0,0,0
345,01-01-1997,0,0,0,0,0,1,0,0,1,0,0,0,0,0,0,0,0,0,0
346,01-01-1997,0,0,0,0,0,0,1,0,1,0,0,0,0,0,0,0,0,0,0
347,09-01-1998,0,0,0,0,0,1,0,0,1,0,0,0,0,0,0,0,0,0,0
348,30-01-1998,0,0,0,0,0,0,1,0,1,0,0,0,0,0,0,0,1,0,0
349,16-01-1998,0,1,0,0,0,0,0,0,0,0,0,0,0,0,0,0,1,0,0
350,16-01-1998,0,1,0,0,0,0,0,0,0,0,0,0,0,1,0,0,1,0,0
351,16-01-1998,0,0,0,0,0,0,0,0,0,0,0,1,0,0,0,0,0,0,0
352,01-01-1997,0,0,0,0,0,1,0,0,0,0,0,0,1,0,0,0,0,0,0
353,30-01-1998,0,1,0,0,0,0,0,0,0,0,0,1,0,0,0,1,0,0,0
354,13-02-1998,0,0,0,0,0,1,0,0,0,0,0,0,0,0,1,0,0,0,0
355,13-02-1998,0,0,1,0,0,0,0,0,0,0,0,0,0,0,0,1,1,0,0
356,01-01-1994,0,0,0,0,0,0,0,0,1,0,0,0,0,1,0,0,1,0,0
357,01-01-1975,0,0,0,0,0,0,0,0,1,0,0,0,0,0,0,0,0,0,0
358,01-08-1997,0,1,1,0,0,0,0,0,0,0,0,0,0,0,0,1,1,0,0
359,01-01-1997,0,0,0,0,0,0,0,0,0,0,0,0,0,0,0,0,1,0,0
360,01-01-1997,0,0,0,0,0,0,0,1,0,0,0,0,0,0,0,0,0,0,0
361,01-01-1997,0,0,0,0,0,0,1,0,0,0,0,0,0,0,0,0,1,0,0
362,06-02-1998,0,1,0,0,0,1,0,0,0,0,0,0,1,0,0,0,0,0,0
363,01-01-1995,0,1,0,0,0,0,0,0,0,0,0,0,0,0,0,0,0,0,0
364,01-01-1995,0,0,0,0,0,1,0,0,0,0,0,0,0,0,0,0,0,0,0
365,01-01-1995,0,0,0,0,0,0,0,0,1,0,0,0,0,0,0,0,0,0,0
366,01-01-1995,0,0,0,0,0,0,0,0,1,0,0,0,0,0,0,0,0,0,0
367,01-01-1995,0,0,0,0,0,1,0,0,0,0,0,0,0,0,0,0,0,0,0
368,01-01-1996,0,0,0,0,0,1,0,0,0,0,0,0,0,0,0,0,0,0,0
369,02-02-1996,0,0,0,0,0,1,0,0,0,0,0,0,0,0,0,0,0,0,0
370,23-02-1996,0,0,0,0,0,0,0,0,1,0,0,0,0,0,0,0,1,0,0
371,09-02-1996,0,0,0,0,0,0,0,0,1,0,0,0,0,0,1,0,0,0,0
372,01-01-1995,0,0,0,0,0,1,0,0,0,0,0,0,0,0,0,0,0,0,0
373,01-01-1995,0,1,1,0,0,0,0,0,0,0,0,0,0,0,0,1,0,0,0
374,01-01-1995,0,1,0,0,1,0,0,0,0,0,0,0,0,0,0,0,0,0,0
375,01-01-1995,0,0,0,0,0,0,0,0,1,0,0,0,0,0,0,0,0,0,0
376,01-01-1994,0,0,0,0,0,1,0,0,0,0,0,0,0,0,0,0,0,0,0
377,01-01-1994,0,0,0,0,1,1,0,0,0,0,0,0,0,0,0,0,0,0,0
378,01-01-1994,0,0,0,0,0,0,0,0,1,0,0,0,0,0,0,0,0,0,0
379,01-01-1995,0,0,0,0,0,0,0,0,0,0,0,1,0,0,0,0,0,0,0
380,01-01-1994,0,1,1,0,0,0,0,0,0,0,0,0,0,0,0,1,0,0,0
381,01-01-1994,0,0,0,0,0,1,0,0,0,0,0,0,0,0,1,0,0,0,0
382,01-01-1994,0,0,0,0,0,1,0,0,1,0,0,0,0,0,0,0,0,0,0
383,01-01-1994,0,0,0,0,1,1,0,0,0,0,0,0,0,0,0,0,0,0,0
384,01-01-1994,0,0,0,0,0,1,0,0,0,0,0,0,0,0,0,0,0,0,0
385,01-01-1994,0,1,1,0,0,1,0,0,0,0,0,0,0,0,1,0,0,0,0
386,01-01-1993,0,0,0,0,0,1,0,0,0,0,0,0,0,0,0,0,0,0,0
387,01-01-1993,0,0,0,0,0,0,0,0,1,0,0,0,0,0,0,0,0,0,0
388,01-01-1994,0,1,0,0,0,1,0,0,0,0,0,0,0,0,0,0,0,0,0
389,01-01-1994,0,0,1,0,1,0,0,0,0,0,0,0,0,0,0,0,0,0,0
390,01-01-1993,0,0,0,0,0,1,0,0,0,0,0,0,0,0,0,0,0,0,0
391,01-01-1993,0,1,0,0,0,1,0,0,0,0,0,0,0,0,0,0,0,0,0
392,01-01-1993,0,0,0,0,0,0,0,0,1,0,0,0,0,0,0,0,0,0,0
393,01-01-1993,0,0,0,0,0,1,0,0,0,0,0,0,0,0,0,0,0,0,0
394,01-01-1994,0,0,0,0,0,1,0,0,0,0,0,0,0,1,1,0,0,0,0
395,01-01-1993,0,0,0,0,0,1,0,0,0,0,0,0,0,0,0,0,0,0,0
396,01-01-1994,0,0,0,0,0,1,1,0,0,0,0,1,0,0,0,0,0,0,0
397,01-01-1993,0,1,0,0,0,0,0,0,0,0,0,0,0,0,0,0,0,0,0
398,01-01-1993,0,1,1,0,1,0,0,0,0,0,0,0,0,0,0,1,0,0,0
399,01-01-1993,0,1,1,0,0,1,0,0,0,0,0,0,0,0,0,0,0,0,0
400,01-01-1994,0,0,0,0,1,1,0,0,0,0,0,0,0,0,0,0,0,0,0
401,01-01-1995,0,0,0,0,0,1,0,0,0,0,0,0,0,0,0,0,0,0,0
402,01-01-1990,0,0,0,0,0,1,0,0,0,0,0,0,0,0,1,0,1,0,0
403,01-01-1989,0,1,1,0,0,0,1,0,1,0,0,0,0,0,0,0,0,0,0
404,01-01-1940,0,0,0,1,1,0,0,0,0,0,0,0,0,0,0,0,0,0,0
405,22-05-1996,0,1,1,0,0,0,0,0,0,0,0,0,0,1,0,0,0,0,0
406,25-10-1996,0,0,0,0,0,0,0,0,0,0,0,1,0,0,0,0,1,0,0
407,24-05-1996,0,0,0,0,0,1,0,0,0,0,0,0,0,0,0,0,0,0,0
408,28-04-1996,0,0,0,1,0,1,0,0,0,0,0,0,0,0,0,0,1,0,0
409,07-08-1996,0,0,0,0,0,1,0,0,1,0,0,0,0,0,0,0,0,0,0
410,12-07-1996,0,0,0,0,0,1,0,0,0,0,0,0,0,0,0,0,0,0,0
411,28-06-1996,0,0,0,0,0,1,0,0,0,1,0,0,0,0,1,1,0,0,0
412,23-08-1996,0,0,0,0,0,1,0,0,0,0,0,0,0,0,0,0,0,0,0
413,19-07-1996,0,0,0,0,0,0,0,0,0,0,0,1,0,0,0,0,0,0,0
414,01-01-1982,0,0,0,0,0,1,0,0,0,0,0,0,0,0,0,0,0,0,0
415,01-01-1975,0,0,0,0,1,1,0,0,0,0,0,0,0,0,0,0,0,0,1
416,01-01-1957,0,0,0,0,1,0,0,0,1,0,0,0,0,0,0,0,0,0,0
417,01-01-1961,0,0,0,0,1,0,0,0,1,0,0,0,0,0,0,0,0,0,0
418,01-01-1950,0,0,0,1,1,0,0,0,0,0,0,0,1,0,0,0,0,0,0
419,01-01-1964,0,0,0,0,1,1,0,0,0,0,0,0,1,0,0,0,0,0,0
420,01-01-1951,0,0,0,1,1,0,0,0,0,0,0,0,1,0,0,0,0,0,0
421,25-10-1996,0,0,0,0,0,0,0,0,1,0,0,0,0,0,1,0,0,0,0
422,01-01-1996,0,0,0,1,1,1,0,0,0,0,0,0,0,0,0,0,0,0,0
423,01-01-1982,0,0,0,0,1,0,0,0,1,1,0,0,0,0,0,1,0,0,0
424,01-01-1996,0,0,0,0,0,0,0,0,0,0,0,1,0,0,0,0,0,0,0
425,01-01-1992,0,0,0,0,0,1,0,0,0,0,0,0,0,0,0,0,0,0,0
426,01-01-1986,0,1,0,1,1,0,0,0,0,0,0,0,0,0,0,1,1,1,0
427,01-01-1962,0,0,0,0,0,0,0,0,1,0,0,0,0,0,0,0,0,0,0
428,01-01-1971,0,0,0,0,0,1,0,0,0,0,0,0,0,0,0,0,0,0,0
429,01-01-1951,0,0,0,0,0,0,0,0,1,0,0,0,0,0,0,1,0,0,0
430,01-01-1933,0,0,0,0,0,1,0,0,0,0,0,0,0,0,0,0,0,1,0
431,01-01-1986,0,1,1,0,0,0,0,0,0,0,0,0,0,0,0,0,0,0,0
432,01-01-1940,0,0,0,1,1,0,0,0,0,0,0,0,1,0,0,0,0,0,0
433,01-01-1989,0,0,0,0,0,1,0,0,0,0,0,0,0,0,0,0,0,0,0
434,01-01-1956,0,0,0,0,0,0,0,0,0,0,0,0,0,0,0,1,0,0,0
435,01-01-1969,0,1,0,0,0,1,0,0,0,0,0,0,0,0,0,0,0,0,1
436,01-01-1981,0,0,0,0,0,0,0,0,0,0,0,1,0,0,0,0,0,0,0
437,01-01-1992,0,0,0,0,0,0,0,0,0,0,0,1,0,0,0,0,0,0,0
438,01-01-1983,0,0,0,0,0,0,0,0,0,0,0,1,0,0,0,0,0,0,0
439,01-01-1993,0,0,0,0,0,0,0,0,0,0,0,1,0,0,0,0,0,0,0
440,01-01-1982,0,0,0,0,0,0,0,0,0,0,0,1,0,0,0,0,0,0,0
441,01-01-1979,0,0,0,0,0,0,0,0,0,0,0,1,0,0,0,0,0,0,0
442,01-01-1990,0,0,0,0,0,0,0,0,0,0,0,1,0,0,0,0,0,0,0
443,01-01-1963,0,0,0,0,0,0,0,0,0,0,0,1,0,0,0,0,0,0,0
444,01-01-1958,0,0,0,0,0,0,0,0,0,0,0,1,0,0,0,1,0,0,0
445,01-01-1945,0,0,0,0,0,0,0,0,0,0,0,1,0,0,0,0,0,0,0
446,01-01-1976,0,0,0,0,0,0,0,0,0,0,0,1,0,0,0,0,0,0,0
447,01-01-1976,0,0,0,0,0,0,0,0,0,0,0,1,0,0,0,0,0,0,0
448,01-01-1976,0,0,0,0,0,0,0,0,0,0,0,1,0,0,0,0,0,0,0
449,01-01-1979,0,1,1,0,0,0,0,0,0,0,0,0,0,0,0,1,0,0,0
450,01-01-1989,0,1,1,0,0,0,0,0,0,0,0,0,0,0,0,1,0,0,0
451,01-01-1978,0,0,0,0,0,1,0,0,0,0,0,0,1,0,1,0,0,0,0
452,01-01-1978,0,1,0,0,0,0,0,0,0,0,0,1,0,0,0,0,0,0,0
453,01-01-1983,0,1,0,0,0,0,0,0,0,0,0,1,0,0,0,0,0,0,0
454,15-12-1996,0,0,0,0,0,0,0,0,1,0,0,0,0,0,0,0,0,0,0
455,10-01-1997,0,1,0,0,0,0,0,0,0,0,0,0,0,0,0,0,0,0,0
456,17-01-1997,0,1,0,0,0,1,0,0,0,0,0,0,0,0,0,0,0,0,0
457,08-08-1997,0,0,1,0,1,0,0,0,1,0,0,0,0,0,0,0,0,0,0
458,01-01-1995,0,0,0,0,0,0,0,0,1,0,0,0,0,0,0,0,0,0,0
459,01-01-1995,0,0,0,0,0,0,0,0,1,0,0,0,0,0,0,0,0,0,0
460,01-01-1995,0,0,0,0,0,0,0,0,1,0,0,0,0,0,0,0,0,0,0
461,01-01-1995,0,0,0,0,0,0,0,0,1,0,0,0,0,0,0,0,0,0,0
462,01-01-1992,0,0,0,0,0,0,0,0,1,0,0,0,0,0,1,0,0,0,0
463,01-01-1994,0,0,1,0,0,0,0,0,0,0,0,0,0,0,0,0,0,0,0
464,01-01-1994,0,0,0,0,0,0,0,0,1,0,0,0,0,0,0,0,0,0,0
465,01-01-1994,0,0,1,0,1,0,0,0,0,0,0,0,0,0,1,0,0,0,0
466,01-01-1992,0,0,0,0,0,0,0,0,0,0,0,0,0,0,0,0,1,0,0
467,01-01-1993,0,0,0,0,0,0,0,0,1,0,0,0,0,0,0,0,0,0,0
468,01-01-1993,0,0,0,0,0,0,0,0,1,0,0,0,0,0,0,0,0,0,0
469,01-01-1993,0,0,0,0,0,0,0,0,1,0,0,0,0,0,0,0,0,0,0
470,01-01-1993,0,0,0,0,0,0,0,0,0,0,0,0,0,0,0,0,0,0,1
471,08-03-1996,0,0,0,0,0,0,0,0,1,0,0,0,0,0,0,0,0,1,0
472,31-05-1996,0,1,1,0,0,0,0,0,0,1,0,0,0,0,0,0,0,0,0
473,12-04-1996,0,0,0,1,1,0,0,0,0,0,0,0,1,0,0,0,0,0,0
474,01-01-1963,0,0,0,0,0,0,0,0,0,0,0,0,0,0,0,1,0,1,0
475,19-07-1996,0,0,0,0,0,0,0,0,1,0,0,0,0,0,0,0,0,0,0
476,14-09-1996,0,0,0,0,0,1,0,0,0,0,0,0,0,0,0,0,0,0,0
477,02-08-1996,0,0,0,0,1,1,0,0,0,0,0,0,0,0,0,0,0,0,0
478,01-01-1940,0,0,0,0,0,1,0,0,0,0,0,0,0,0,1,0,0,0,0
479,01-01-1958,0,0,0,0,0,0,0,0,0,0,0,0,0,1,0,0,1,0,0
480,01-01-1959,0,0,0,0,0,1,0,0,0,0,0,0,0,0,0,0,1,0,0
481,01-01-1960,0,0,0,0,0,1,0,0,1,0,0,0,0,0,0,0,0,0,0
482,01-01-1959,0,0,0,0,0,1,1,0,0,0,0,0,0,0,0,0,0,0,0
483,01-01-1942,0,0,0,0,0,0,0,0,1,0,0,0,0,0,1,0,0,1,0
484,01-01-1941,0,0,0,0,0,0,0,0,0,0,1,0,0,1,0,0,0,0,0
485,01-01-1964,0,0,0,0,0,0,0,0,0,0,0,0,1,0,1,0,0,0,0
486,01-01-1954,0,0,0,0,0,1,0,0,0,0,0,0,0,0,1,0,0,0,0
487,01-01-1953,0,0,0,0,0,1,0,0,0,0,0,0,0,0,1,0,0,0,0
488,01-01-1950,0,0,0,0,0,0,0,0,0,0,1,0,0,0,0,0,0,0,0
489,01-01-1946,0,0,0,0,0,0,0,0,0,0,1,0,0,0,1,0,1,0,0
490,01-01-1955,0,0,0,0,0,1,0,0,0,0,0,0,0,0,1,0,1,0,0
491,01-01-1938,0,1,1,0,0,0,0,0,0,0,0,0,0,0,0,0,0,0,0
492,01-01-1955,0,0,0,0,0,0,0,0,1,0,0,0,0,0,0,0,0,0,0
493,01-01-1934,0,0,0,0,0,0,0,0,0,0,0,0,0,1,0,0,0,0,0
494,01-01-1940,0,0,0,0,0,1,0,0,0,0,0,0,0,0,0,0,0,0,0
495,01-01-1956,0,0,1,0,0,1,0,0,0,0,0,0,0,0,0,0,0,0,0
496,01-01-1946,0,0,0,0,0,0,0,0,1,0,0,0,0,0,0,0,0,0,0
497,01-01-1938,0,0,0,0,0,1,0,0,0,0,0,0,0,0,0,0,0,0,0
498,01-01-1951,0,1,1,0,0,0,0,0,0,0,0,0,0,0,1,0,0,1,0
499,01-01-1958,0,0,0,0,0,0,0,0,1,0,0,0,0,0,0,0,0,0,0
500,13-09-1996,0,0,1,0,1,0,0,0,0,0,0,0,0,0,0,0,0,0,0
501,01-01-1941,0,0,0,1,1,0,0,0,0,0,0,0,1,0,0,0,0,0,0
502,01-01-1971,0,0,0,0,0,1,0,0,0,0,0,0,0,0,0,0,0,1,0
503,01-01-1972,0,0,0,0,0,0,0,0,1,0,0,0,0,0,0,0,0,0,0
504,01-01-1967,0,0,0,0,0,0,1,0,1,0,0,0,0,0,0,0,0,0,0
505,01-01-1954,0,0,0,0,0,0,0,0,0,0,0,0,0,1,0,0,1,0,0
506,01-01-1955,0,0,0,0,0,0,0,0,1,0,0,0,0,0,0,0,0,0,0
507,01-01-1951,0,0,0,0,0,0,0,0,1,0,0,0,0,0,0,0,0,0,0
508,27-12-1996,0,0,0,0,0,0,0,0,1,0,0,0,0,0,0,0,0,0,0
509,01-01-1989,0,0,0,0,0,0,0,0,1,0,0,0,0,0,0,0,0,0,0
510,01-01-1954,0,1,0,0,0,0,0,0,1,0,0,0,0,0,0,0,0,0,1
511,01-01-1962,0,0,1,0,0,0,0,0,0,0,0,0,0,0,0,0,0,1,0
512,01-01-1987,0,0,0,0,0,1,0,0,1,0,0,0,0,0,1,0,0,0,0
513,01-01-1949,0,0,0,0,0,0,0,0,0,0,0,0,0,1,0,0,1,0,0
514,01-01-1977,0,0,0,0,0,1,0,0,0,0,0,0,0,0,1,0,0,0,0
515,04-04-1997,0,1,0,0,0,0,0,0,1,0,0,0,0,0,0,0,0,1,0
516,01-01-1983,0,0,0,0,0,1,0,0,0,0,0,0,0,0,0,0,0,0,0
517,01-01-1979,0,0,0,0,0,1,0,0,1,0,0,0,0,0,1,0,0,0,0
518,01-01-1990,0,0,0,0,0,0,0,0,1,0,0,0,0,0,0,0,0,0,0
519,01-01-1948,0,0,1,0,0,0,0,0,0,0,0,0,0,0,0,0,0,0,0
520,01-01-1963,0,0,1,0,0,0,0,0,0,0,0,0,0,0,0,0,0,1,0
521,01-01-1978,0,0,0,0,0,0,0,0,1,0,0,0,0,0,0,0,0,1,0
522,01-01-1986,0,0,0,0,0,1,0,0,1,0,0,0,0,0,0,0,0,0,0
523,01-01-1967,0,0,0,0,0,1,0,0,1,0,0,0,0,0,0,0,0,0,0
524,01-01-1940,0,0,0,0,0,1,0,0,0,0,0,0,0,0,0,0,0,0,0
525,01-01-1946,0,0,0,0,0,0,0,0,0,0,1,0,0,1,0,0,0,0,0
526,01-01-1959,0,1,1,0,0,0,0,0,1,0,0,0,0,0,0,0,0,0,0
527,01-01-1982,0,0,0,0,0,0,0,0,1,0,0,0,0,0,0,0,0,0,0
528,01-01-1984,0,0,0,0,0,0,0,0,1,0,0,0,0,0,0,0,0,1,0
529,01-01-1985,0,0,0,0,0,0,0,0,1,0,0,0,0,0,0,0,0,0,0
530,01-01-1975,0,0,1,0,0,0,0,0,0,0,0,0,0,0,0,0,0,0,0
531,22-11-1996,0,0,0,0,0,0,0,0,1,0,0,0,0,0,1,0,0,0,0
532,07-03-1997,0,0,0,0,0,0,0,0,0,0,0,0,0,0,1,0,0,0,0
533,21-03-1997,0,0,0,0,0,0,0,0,0,0,0,0,0,1,0,0,0,0,0
534,18-04-1997,0,0,0,0,0,0,0,0,1,0,0,0,0,0,0,0,0,0,0
535,23-05-1997,0,0,0,0,0,1,0,0,0,0,0,0,0,0,1,0,0,0,0
536,23-05-1997,0,0,0,0,0,0,0,0,1,0,0,0,0,0,0,0,0,0,0
537,01-01-1991,0,0,0,0,0,0,0,0,1,0,0,0,0,0,0,0,0,0,0
538,01-01-1997,0,0,0,1,1,0,0,0,0,0,0,0,1,0,0,0,0,0,0
539,01-01-1997,0,0,0,0,1,1,0,0,0,0,0,0,0,0,0,0,0,0,0
540,01-01-1995,0,1,0,0,0,0,0,0,0,0,0,0,0,0,0,0,0,0,0
541,01-01-1995,0,1,1,0,0,0,0,0,0,0,0,0,0,0,0,0,0,0,0
542,01-01-1995,0,0,0,1,1,0,0,0,0,0,0,0,1,0,1,0,0,0,0
543,01-01-1995,0,0,0,0,0,0,0,0,1,0,0,0,1,0,0,0,0,0,0
544,02-02-1996,0,0,0,0,0,0,1,0,1,0,0,0,0,0,1,0,0,0,0
545,01-01-1995,0,0,0,0,0,1,0,0,0,0,0,0,0,0,1,0,0,0,0
546,09-02-1996,0,1,0,0,0,0,0,0,0,0,0,0,0,0,0,0,1,0,0
547,23-02-1996,0,0,0,0,0,0,1,0,0,0,0,0,0,0,0,0,0,0,0
548,02-02-1996,0,0,0,0,1,0,0,0,0,1,0,0,0,0,0,0,0,0,0
549,01-01-1995,0,0,0,0,0,0,0,0,1,0,0,0,0,0,1,0,0,1,0
550,01-01-1995,0,1,0,0,0,0,0,0,0,0,0,0,0,0,0,0,1,0,0
551,01-01-1995,0,0,0,0,0,0,0,0,0,0,0,1,0,0,0,0,0,0,0
552,01-01-1995,0,0,0,0,0,0,0,0,0,0,0,0,0,0,0,1,0,0,0
553,01-01-1995,0,0,0,0,0,0,0,0,1,0,0,0,0,0,1,0,0,0,0
554,01-01-1995,0,1,1,0,0,0,0,0,0,0,0,0,0,0,0,0,0,0,0
555,01-01-1995,0,0,0,0,0,0,0,0,1,0,0,0,0,0,0,0,0,0,0
556,01-01-1995,0,0,0,0,0,0,0,0,0,0,0,0,0,0,0,0,0,0,1
557,01-01-1994,0,0,0,0,0,0,0,0,1,0,0,0,1,0,0,0,0,0,0
558,01-01-1994,0,0,0,0,0,0,0,0,1,1,0,0,0,0,0,0,1,0,0
559,01-01-1994,0,0,0,0,0,0,0,0,1,0,0,1,0,0,0,0,0,0,0
560,01-01-1995,0,0,1,0,1,1,0,0,0,1,0,0,0,0,1,1,0,0,0
561,01-01-1994,0,0,0,0,0,0,0,0,1,0,0,1,0,0,0,0,0,0,0
562,01-01-1995,0,1,1,0,0,0,0,0,0,0,0,0,0,0,0,0,0,0,1
563,01-01-1995,0,0,0,0,0,0,0,0,0,0,0,1,0,0,0,0,0,0,0
564,01-01-1995,0,0,0,0,0,1,0,0,0,0,0,1,0,0,0,0,0,0,0
565,01-01-1995,0,0,0,0,0,0,0,0,0,0,0,1,0,0,0,0,1,0,0
566,01-01-1994,0,1,1,0,0,0,0,0,0,0,0,0,0,0,0,0,1,0,0
567,01-01-1994,0,0,0,0,0,0,0,0,0,0,0,1,0,0,0,0,0,0,0
568,01-01-1994,0,1,0,0,0,0,0,0,0,0,0,0,0,0,1,0,1,0,0
569,01-01-1994,0,0,0,0,0,0,0,0,1,0,0,1,0,0,0,0,0,0,0
570,01-01-1994,0,0,0,0,0,0,0,0,0,0,0,0,0,0,0,0,0,0,1
571,01-01-1993,0,0,0,0,0,1,0,0,0,0,0,0,0,0,0,0,1,0,0
572,01-01-1994,0,1,0,0,0,0,0,0,0,0,0,0,0,0,0,0,1,0,0
573,01-01-1993,0,0,0,0,0,0,0,0,0,0,0,1,0,0,0,1,1,0,0
574,01-01-1993,0,0,0,0,0,0,0,0,0,0,0,0,0,1,1,0,1,0,0
575,01-01-1994,0,0,0,0,0,1,0,0,0,0,0,0,0,0,0,0,0,0,1
576,01-01-1993,0,1,1,0,0,0,1,0,0,0,0,0,0,0,0,0,0,0,0
577,01-01-1993,0,0,0,0,0,1,0,0,0,0,0,0,0,0,0,1,0,0,0
578,01-01-1993,0,1,0,0,0,0,0,0,0,0,0,0,0,0,0,1,0,0,0
579,01-01-1993,0,0,0,0,0,1,0,0,0,0,0,0,0,0,0,0,0,0,0
580,01-01-1995,0,0,0,0,0,1,0,0,0,0,0,0,0,0,1,0,0,0,0
581,01-01-1993,0,0,0,0,0,0,0,0,1,0,0,0,0,0,0,0,1,0,0
582,01-01-1993,0,0,0,0,0,0,0,0,1,0,0,0,0,0,1,0,0,0,0
583,01-01-1993,0,0,0,0,0,0,1,0,0,0,0,0,0,0,0,0,1,0,0
584,01-01-1993,0,0,0,0,1,0,0,0,1,0,0,0,0,0,0,0,0,0,0
585,01-01-1993,0,0,0,0,0,1,0,0,0,0,0,0,0,0,0,0,0,0,0
586,01-01-1994,0,1,0,0,0,0,0,0,0,0,0,0,0,0,0,0,0,0,0
587,01-01-1993,0,0,0,0,0,0,0,0,1,0,0,0,0,1,0,0,0,0,0
588,01-01-1991,0,0,0,1,1,0,0,0,0,0,0,0,1,0,0,0,0,0,0
589,01-01-1969,0,0,0,0,0,0,0,0,0,0,0,0,0,0,0,0,0,0,1
590,08-03-1996,0,1,0,0,0,0,0,0,0,0,0,1,0,0,0,1,0,0,0
591,30-03-1996,0,0,0,0,0,0,0,0,1,0,0,0,0,0,0,0,1,0,0
592,01-01-1995,0,0,0,0,0,0,0,0,0,0,0,0,0,1,0,0,1,0,0
593,01-01-1993,0,0,0,0,0,0,0,0,0,0,0,0,0,0,0,0,0,1,0
594,05-06-1996,0,0,0,0,0,0,0,0,1,0,0,0,0,0,1,0,0,0,0
595,16-08-1996,0,0,0,0,0,0,0,0,0,0,0,0,0,0,0,0,1,0,0
596,21-06-1996,0,0,0,1,1,0,0,0,0,0,0,0,1,0,0,0,0,0,0
597,21-06-1996,0,1,0,0,0,0,0,0,0,0,0,0,0,0,0,0,1,0,0
598,06-09-1996,0,0,0,0,0,1,0,0,1,0,0,0,0,0,0,0,0,0,0
599,16-08-1996,0,1,0,0,0,0,0,0,0,0,0,0,0,0,0,0,0,0,0
600,01-01-1996,0,0,0,0,1,0,0,0,0,0,0,0,0,0,0,0,0,0,0
601,01-01-1943,0,0,1,0,0,0,0,0,0,0,0,0,0,0,0,0,0,1,0
602,01-01-1951,0,0,0,0,0,0,0,0,0,0,0,0,1,0,1,0,0,0,0
603,01-01-1954,0,0,0,0,0,0,0,0,0,0,0,0,0,1,0,0,1,0,0
604,01-01-1934,0,0,0,0,0,1,0,0,0,0,0,0,0,0,0,0,0,0,0
605,01-01-1944,0,0,0,0,0,0,0,0,0,0,0,0,1,0,0,0,0,0,0
606,01-01-1950,0,0,0,0,0,0,0,0,1,0,0,0,0,0,0,0,0,0,0
607,01-01-1940,0,0,0,0,0,0,0,0,0,0,0,0,0,0,1,0,1,0,0
608,01-01-1945,0,0,0,0,0,0,0,0,0,0,0,0,0,1,1,0,1,0,0
609,01-01-1950,0,0,0,0,0,1,0,0,0,0,0,0,0,0,0,0,0,0,0
610,01-01-1958,0,0,0,0,0,0,0,0,0,0,0,0,1,0,0,0,0,0,0
611,01-01-1944,0,0,0,0,0,0,1,0,0,0,1,0,0,1,0,0,0,0,0
612,01-01-1937,0,0,0,0,0,0,0,0,1,0,0,0,0,0,0,0,0,0,0
613,01-01-1936,0,0,0,0,0,1,0,0,0,0,0,0,0,0,0,0,0,0,0
614,01-01-1956,0,0,0,0,0,0,0,0,1,0,0,0,0,0,0,0,0,0,0
615,01-01-1935,0,0,0,0,0,0,0,0,0,0,0,0,0,0,0,0,1,0,0
616,01-01-1968,0,0,0,0,0,0,0,0,0,0,0,1,0,0,0,1,0,0,0
617,01-01-1930,0,0,0,0,0,0,0,0,1,0,0,0,0,0,0,0,0,0,0
618,01-01-1955,0,0,0,0,0,0,0,0,1,0,0,0,0,0,0,0,0,0,0
619,27-09-1996,0,0,0,0,0,0,0,0,1,0,0,0,0,0,0,0,1,0,0
620,11-10-1996,0,0,0,0,0,0,0,0,1,0,0,0,0,0,0,0,0,0,0
621,01-01-1955,0,0,0,0,0,0,0,0,0,0,0,0,0,0,0,0,0,0,1
622,01-01-1960,0,0,1,0,1,0,0,0,0,0,0,0,0,0,0,0,0,0,0
623,01-01-1994,0,0,0,0,1,1,0,0,0,0,0,0,0,0,0,0,0,0,0
624,01-01-1945,0,0,0,1,1,0,0,0,0,0,0,0,1,0,0,0,0,0,0
625,01-01-1963,0,0,0,1,1,0,0,0,0,0,0,0,0,0,0,0,0,0,0
626,01-01-1949,0,0,0,0,1,0,0,0,1,0,0,0,0,0,0,0,0,0,0
627,01-01-1991,0,0,0,0,0,0,0,0,1,0,0,0,0,0,0,0,0,0,0
628,18-10-1996,0,0,0,0,0,0,1,0,1,0,0,0,0,0,0,0,0,0,0
629,01-01-1982,0,0,0,0,0,1,0,0,0,0,0,0,1,0,0,0,0,0,0
630,01-01-1965,0,0,0,0,0,1,0,0,0,0,0,0,1,0,0,0,0,0,0
631,01-01-1992,0,1,0,0,0,0,0,0,1,0,0,0,0,0,1,0,0,1,0
632,01-01-1982,0,0,0,0,0,0,0,0,1,0,0,0,0,0,0,0,0,0,0
633,01-01-1938,0,0,0,0,0,0,0,0,1,0,0,0,0,0,0,0,0,0,0
634,11-10-1996,0,0,0,0,0,0,0,1,0,0,0,0,0,0,0,0,0,0,0
635,01-01-1980,0,0,0,0,0,0,0,0,0,0,0,1,0,0,0,0,0,0,0
636,01-01-1981,0,1,1,0,0,0,0,0,0,0,0,0,0,0,0,1,1,0,0
637,01-01-1981,0,0,0,0,0,1,0,0,0,0,0,1,0,0,0,0,0,0,0
638,01-01-1982,0,0,0,0,0,0,0,0,1,0,0,0,0,0,0,0,0,0,0
639,01-01-1979,0,0,0,0,0,0,0,0,1,0,0,0,0,0,0,0,0,0,0
640,01-01-1989,0,0,0,0,0,0,0,0,1,0,0,0,0,0,0,0,0,0,0
641,01-01-1957,0,0,0,0,0,0,0,0,1,0,0,0,0,0,0,0,0,1,0
642,01-01-1990,0,0,0,0,0,0,1,0,1,0,1,0,0,0,0,0,0,0,0
643,01-01-1994,0,0,0,0,0,0,0,0,1,0,0,0,0,0,1,0,0,0,0
644,01-01-1988,0,0,0,0,0,0,0,1,0,0,0,0,0,0,0,0,0,0,0
645,01-01-1990,0,0,0,0,0,0,0,1,0,0,0,0,0,0,0,0,0,0,0
646,01-01-1969,0,0,0,0,0,0,0,0,0,0,0,0,0,0,0,0,0,0,1
647,01-01-1985,0,0,0,0,0,0,0,0,1,0,0,0,0,0,0,0,0,1,0
648,01-01-1952,0,0,0,0,0,1,0,0,0,0,0,0,0,0,1,0,0,0,0
649,01-01-1984,0,0,0,0,0,0,1,0,1,0,0,0,0,0,0,0,1,0,0
650,01-01-1957,0,0,0,0,0,0,0,0,1,0,0,0,0,0,0,0,0,0,0
651,01-01-1989,0,1,0,0,0,0,0,0,1,0,0,0,0,0,0,0,0,1,0
652,01-01-1990,0,0,0,0,0,1,0,0,1,0,0,0,0,0,0,0,0,0,0
653,01-01-1958,0,0,0,0,0,0,1,0,0,0,1,0,0,0,0,0,1,0,0
654,01-01-1974,0,0,0,0,0,0,0,0,0,0,1,0,0,1,0,0,1,0,0
655,01-01-1986,0,0,1,0,0,1,0,0,1,0,0,0,0,0,0,0,0,0,0
656,01-01-1931,0,0,0,0,0,0,1,0,0,0,1,0,0,0,0,0,1,0,0
657,01-01-1962,0,0,0,0,0,0,0,0,0,0,1,0,0,0,0,0,1,0,0
658,01-01-1990,0,0,0,0,0,0,0,0,1,0,0,0,0,0,0,0,0,0,0
659,01-01-1944,0,0,0,0,0,1,0,0,0,0,0,0,0,1,0,0,1,0,0
660,01-01-1991,0,0,0,0,0,0,0,0,1,0,0,0,0,0,0,0,0,0,0
661,01-01-1952,0,0,0,0,0,0,0,0,0,0,0,0,0,0,0,0,0,0,1
662,01-01-1980,0,0,0,0,0,0,0,0,1,0,0,0,0,0,1,0,0,0,0
663,01-01-1979,0,0,0,0,0,1,0,0,0,0,0,0,0,0,0,0,0,0,0
664,01-01-1984,0,0,0,0,0,0,0,0,1,0,0,0,0,0,0,0,0,0,0
665,01-01-1992,0,1,0,0,0,0,0,0,0,0,0,1,0,0,0,1,1,0,0
666,01-01-1974,0,0,0,0,0,0,0,0,0,0,0,1,0,0,0,0,0,0,0
667,01-01-1977,0,0,0,0,0,0,0,0,0,0,0,1,0,0,0,0,0,0,0
668,01-01-1981,0,1,0,0,0,0,0,0,0,0,0,1,0,0,0,0,0,0,0
669,01-01-1991,0,0,0,0,0,0,0,0,0,0,0,1,0,0,0,0,0,0,0
670,01-01-1993,0,0,0,0,0,0,0,0,0,0,0,1,0,0,0,1,1,0,0
671,01-01-1935,0,0,0,0,0,0,0,0,0,0,0,1,0,0,0,0,0,0,0
672,01-01-1992,0,0,0,0,0,0,0,0,0,0,0,1,0,0,0,0,0,0,0
673,01-01-1962,0,0,0,0,0,0,0,0,0,0,1,0,0,0,0,0,1,0,0
674,01-01-1982,0,0,0,0,0,0,0,0,0,0,0,1,0,0,0,0,0,0,0
675,01-01-1922,0,0,0,0,0,0,0,0,0,0,0,1,0,0,0,0,0,0,0
676,27-11-1996,0,0,0,0,0,0,0,0,1,0,0,0,0,0,0,0,0,0,0
677,24-01-1997,0,0,0,0,0,0,0,1,0,0,0,0,0,0,0,0,0,0,0
678,25-04-1997,0,0,0,0,0,0,0,0,1,0,0,0,0,0,0,0,1,0,0
679,01-01-1981,0,1,1,0,0,0,0,0,0,0,0,0,0,0,0,0,0,0,0
680,29-08-1997,0,1,1,0,0,0,0,0,0,0,0,0,0,0,0,0,0,0,0
681,01-01-1997,0,0,0,0,0,0,0,0,0,0,0,1,0,0,0,0,0,0,0
682,17-10-1997,0,0,0,0,0,0,0,0,0,0,0,1,0,1,0,0,1,0,0
683,01-01-1997,0,0,0,0,0,1,0,0,0,0,0,0,0,0,0,0,0,0,0
684,01-01-1993,0,1,0,0,0,0,0,0,0,0,0,0,0,0,0,0,1,0,0
685,09-03-1996,0,1,0,0,0,0,0,0,0,0,0,0,0,0,0,0,1,0,0
686,01-01-1993,0,1,0,0,0,0,0,0,1,0,0,0,0,0,0,0,0,0,0
687,18-04-1997,0,0,0,0,0,1,0,0,0,0,0,0,0,0,0,0,0,1,0
688,22-08-1997,0,0,0,0,0,1,0,0,0,0,0,0,0,0,0,0,0,0,0
689,01-01-1997,0,1,0,0,0,0,0,0,0,0,0,0,0,0,0,0,1,0,0
690,01-01-1997,0,0,0,0,0,0,0,0,1,0,0,0,0,0,0,0,0,1,0
691,09-01-1998,0,0,0,0,0,0,0,0,0,0,1,0,0,0,0,1,1,0,0
692,01-01-1995,0,0,0,0,0,1,0,0,1,0,0,0,0,0,1,0,0,0,0
693,01-01-1995,0,0,0,0,0,0,0,0,1,0,0,0,0,0,0,0,0,0,0
694,25-09-1995,0,0,0,0,0,0,0,0,0,0,0,0,0,0,1,0,0,0,0
695,01-01-1995,0,0,0,0,0,1,0,0,1,0,0,0,0,0,0,0,0,0,0
696,16-02-1996,0,0,0,0,0,0,0,0,1,0,0,0,0,0,0,0,1,0,0
697,01-01-1995,0,0,0,0,0,0,0,0,1,0,0,0,0,0,0,0,0,0,0
698,01-01-1994,0,0,0,0,0,0,0,0,1,0,0,0,0,0,0,0,0,0,0
699,01-01-1994,0,0,0,0,0,0,0,0,1,0,0,0,0,0,0,0,0,0,0
700,01-01-1995,0,0,0,0,0,1,0,0,0,0,0,0,0,0,0,0,0,0,0
701,01-01-1993,0,0,0,0,0,0,0,1,0,0,0,0,0,0,0,0,0,0,0
702,01-01-1994,0,0,0,0,0,1,0,0,0,0,0,0,0,0,1,0,0,0,0
703,01-01-1994,0,0,0,0,0,0,0,0,1,0,0,0,0,0,0,0,0,0,0
704,01-01-1993,0,0,0,0,0,0,0,0,1,0,0,0,0,0,1,0,0,0,0
705,01-01-1952,0,0,0,0,0,0,0,0,0,0,0,0,1,0,1,0,0,0,0
706,01-11-1996,0,0,0,0,0,0,0,0,0,0,0,1,0,0,0,0,0,0,0
707,01-01-1991,0,0,0,0,0,0,0,0,1,0,0,0,0,0,0,0,0,0,0
708,01-01-1989,0,0,0,0,0,0,0,0,1,0,0,0,0,0,0,0,0,0,0
709,01-01-1992,0,0,0,0,0,1,0,0,0,0,0,0,0,0,1,0,0,0,0
710,01-01-1985,0,0,0,0,0,1,0,0,0,0,0,0,0,0,0,0,0,0,0
711,06-12-1996,0,0,0,0,0,0,0,0,1,0,0,0,0,0,0,0,0,0,0
712,01-01-1987,0,0,0,0,0,1,0,0,1,0,0,0,0,0,0,0,0,0,0
713,18-12-1995,0,0,0,0,0,0,0,0,1,0,0,0,0,0,0,0,0,0,0
714,01-01-1995,0,0,0,0,0,0,0,0,1,0,0,0,0,0,1,0,0,0,0
715,01-01-1995,0,0,0,0,0,1,0,0,1,0,0,0,0,0,0,0,0,0,0
716,01-01-1995,0,0,0,0,0,0,0,0,1,0,0,0,0,0,1,0,0,0,0
717,01-01-1996,0,0,0,0,0,0,0,0,1,0,0,0,0,0,0,0,1,0,0
718,23-02-1996,0,0,0,0,0,1,0,0,0,0,0,0,0,0,0,0,0,0,0
719,01-01-1994,0,0,0,0,0,1,0,0,0,0,0,0,0,0,0,0,0,1,0
720,01-01-1995,0,1,1,0,0,0,0,0,1,0,0,0,0,0,1,0,0,0,0
721,01-01-1995,0,0,0,0,0,1,0,0,0,0,0,0,0,0,0,0,0,0,0
722,01-01-1995,0,0,0,0,0,1,0,0,0,0,0,0,0,0,0,0,0,0,0
723,01-01-1995,0,0,0,0,0,1,0,0,1,0,0,0,0,0,0,0,0,0,0
724,01-01-1995,0,0,0,0,0,0,0,0,1,0,0,0,0,0,1,0,0,0,0
725,01-01-1994,0,0,0,0,0,1,0,0,0,0,0,0,0,0,0,0,0,0,0
726,01-01-1995,0,0,0,0,1,0,0,0,1,0,0,0,0,0,0,0,0,0,0
727,01-01-1994,0,0,0,0,0,0,0,0,1,0,0,0,0,0,1,0,0,0,0
728,01-01-1994,0,0,0,0,0,1,0,0,0,0,0,0,0,0,0,1,0,0,0
729,01-01-1994,0,0,0,0,0,0,0,0,1,0,0,0,0,0,0,0,0,0,0
730,01-01-1996,0,0,0,0,0,0,0,0,1,0,0,0,0,0,1,0,0,0,0
731,01-01-1994,0,0,0,0,0,1,0,0,1,0,0,0,0,0,1,0,0,0,0
732,01-01-1993,0,0,0,0,0,1,0,0,0,0,0,0,0,0,1,0,0,0,0
733,01-01-1994,0,0,0,0,0,0,0,0,1,0,0,0,0,0,1,0,0,0,0
734,01-01-1993,0,0,0,0,0,1,0,0,0,0,0,0,0,0,0,0,0,0,0
735,01-01-1993,0,0,0,0,0,0,0,0,1,0,0,0,0,0,0,0,0,0,0
736,01-01-1993,0,0,0,0,0,0,0,0,1,0,0,0,0,0,1,0,0,0,0
737,01-01-1994,0,0,0,0,0,1,0,0,1,0,0,0,0,0,0,0,0,0,0
738,01-01-1994,0,0,0,0,0,1,0,0,0,0,0,0,0,0,1,0,0,0,0
739,01-01-1990,0,0,0,0,0,1,0,0,0,0,0,0,0,0,1,0,0,0,0
740,05-04-1996,0,0,0,0,0,0,0,0,1,0,0,0,0,0,1,0,0,0,0
741,05-04-1996,0,0,0,0,0,0,0,0,1,0,0,0,0,0,0,0,1,0,0
742,08-11-1996,0,0,0,0,0,0,0,0,1,0,0,0,0,0,0,0,1,0,0
743,30-08-1996,0,1,0,0,0,0,0,0,0,0,0,0,0,0,0,0,1,0,0
744,11-10-1996,0,0,0,0,0,0,0,0,1,0,0,0,0,0,0,0,0,1,0
745,01-01-1972,0,0,0,0,0,1,0,0,0,0,0,0,0,0,0,0,0,0,0
746,01-01-1985,0,0,0,0,0,1,0,0,0,0,0,0,0,0,0,0,0,0,0
747,01-01-1993,0,0,0,0,0,1,0,0,0,0,0,0,0,0,1,0,0,0,0
748,14-03-1997,0,1,0,0,0,0,0,0,0,0,0,0,0,0,1,0,1,0,0
749,01-01-1997,0,0,0,0,0,1,0,0,0,0,0,0,0,0,1,0,0,0,0
750,18-12-1997,0,0,0,0,0,0,0,0,1,0,0,0,0,0,0,0,0,0,0
751,01-01-1997,0,1,0,0,0,0,0,0,0,0,0,0,0,0,1,0,1,0,0
752,06-02-1998,0,1,0,0,0,0,0,0,0,0,0,0,0,0,0,0,1,0,0
753,01-01-1994,0,0,0,0,0,0,0,0,1,0,0,0,0,0,0,0,0,0,0
754,01-01-1997,0,0,0,0,0,0,1,0,0,0,0,0,0,0,0,0,1,0,0
755,01-01-1995,0,1,1,0,1,0,0,0,0,1,0,0,0,0,0,1,0,0,0
756,01-01-1995,0,0,0,0,0,1,0,0,0,0,0,0,0,0,0,0,0,0,0
757,01-01-1995,0,0,0,0,0,0,0,1,0,0,0,0,0,0,0,0,0,0,0
758,01-01-1996,0,0,0,0,0,0,0,0,0,0,0,0,0,0,0,1,1,0,0
759,01-01-1995,0,1,0,0,0,0,0,0,0,0,0,0,0,0,0,0,0,0,0
760,01-01-1995,0,0,0,0,0,0,0,0,0,0,0,0,0,0,0,1,0,0,0
761,01-01-1995,0,1,0,0,0,0,0,0,0,0,0,0,0,0,0,0,1,0,0
762,09-02-1996,0,0,0,0,0,0,0,0,1,0,0,0,0,0,0,0,0,0,0
763,16-02-1996,0,0,0,0,0,1,0,0,0,0,0,0,0,0,0,0,0,0,0
764,08-03-1996,0,0,0,0,0,1,0,0,0,0,0,0,0,0,1,0,0,0,0
765,01-01-1992,0,0,0,0,0,1,0,0,0,0,0,0,0,0,1,0,0,0,0
766,01-03-1996,0,0,0,0,0,0,0,1,0,0,0,0,0,0,0,0,0,0,0
767,01-01-1995,0,0,0,0,0,0,0,0,0,0,0,1,0,0,0,0,0,0,0
768,01-01-1995,0,0,1,0,1,0,0,0,0,0,0,0,0,0,0,0,0,0,0
769,01-01-1995,0,1,1,0,0,0,0,0,0,0,0,0,0,1,0,1,0,0,0
770,01-01-1995,0,0,0,0,0,0,1,0,0,0,1,0,0,1,0,0,1,0,0
771,01-01-1995,0,1,0,0,0,0,0,0,0,0,0,0,0,0,0,1,1,0,0
772,01-01-1995,0,0,0,0,0,0,0,0,1,0,0,0,0,0,0,0,0,0,0
773,01-01-1994,0,0,0,0,0,0,0,0,0,0,0,0,0,0,0,0,1,0,0
774,01-01-1995,0,0,0,0,0,0,0,0,0,0,0,1,0,0,0,0,0,0,0
775,01-01-1995,0,0,0,0,0,1,0,0,1,0,0,0,0,0,1,0,0,0,0
776,01-01-1995,0,0,0,0,0,0,0,0,1,0,0,0,0,0,0,0,0,0,0
777,01-01-1995,0,0,0,0,0,0,0,0,0,0,0,1,0,0,0,0,0,0,0
778,01-01-1995,0,0,0,0,0,1,0,0,1,0,0,0,0,0,1,0,0,0,0
779,01-01-1994,0,1,0,0,0,0,0,0,0,0,0,0,0,0,0,0,0,0,0
780,01-01-1994,0,0,0,0,0,1,0,0,0,0,0,0,0,0,0,0,0,0,0
781,01-01-1995,0,0,0,0,0,1,0,0,0,0,0,0,0,0,1,0,0,0,0
782,01-01-1994,0,0,0,0,0,0,0,0,1,0,0,0,0,0,0,0,0,0,0
783,01-01-1994,0,0,0,0,0,1,0,0,0,0,0,0,0,0,1,0,0,0,0
784,01-01-1993,0,0,0,0,0,0,0,0,1,0,0,1,0,0,0,0,0,0,0
785,01-01-1994,0,0,0,0,0,1,0,0,0,0,0,0,0,0,1,0,0,0,0
786,01-01-1995,0,0,0,0,0,1,0,0,0,0,0,0,0,0,1,0,0,0,0
787,01-01-1995,0,0,0,0,0,1,0,0,1,0,0,0,0,0,0,0,0,0,0
788,01-01-1994,0,0,0,0,0,0,0,0,0,0,0,1,0,0,0,0,1,0,0
789,01-01-1995,0,0,0,0,0,1,0,0,1,0,0,0,0,0,0,0,0,0,0
790,01-01-1995,0,0,0,0,0,1,0,0,0,0,0,0,0,0,0,0,0,0,0
791,01-01-1995,0,0,0,0,1,0,0,0,0,0,0,0,0,0,0,0,0,0,0
792,01-01-1994,0,0,0,0,0,1,0,0,0,0,0,0,0,0,0,0,0,0,0
793,01-01-1994,0,0,0,0,0,1,0,0,0,0,0,0,0,0,0,0,0,0,0
794,01-01-1994,0,0,0,0,0,0,0,0,1,0,0,0,0,0,1,0,0,0,0
795,01-01-1994,0,0,0,0,1,1,0,0,0,0,0,0,0,0,0,0,0,0,0
796,01-01-1994,0,0,0,0,0,1,0,0,0,0,0,0,0,0,1,0,0,0,0
797,01-01-1994,0,1,0,0,0,0,0,0,0,0,0,0,0,0,0,1,0,0,0
798,01-01-1995,0,1,0,0,0,0,0,0,0,0,0,0,0,0,0,0,0,0,0
799,01-01-1995,0,0,0,0,0,0,0,0,1,0,0,0,0,0,0,0,0,0,0
800,01-01-1995,0,0,0,0,0,0,0,0,0,0,0,1,0,0,0,0,1,0,0
801,01-01-1994,0,0,0,0,0,1,0,0,0,0,0,0,0,0,0,0,0,0,0
802,01-01-1993,0,1,1,0,0,0,1,0,0,0,0,0,0,0,0,0,1,0,0
803,01-01-1993,0,1,0,0,0,0,0,0,1,0,0,0,0,0,0,0,0,1,0
804,01-01-1994,0,0,0,0,0,1,0,0,0,0,0,0,0,0,0,0,0,0,0
805,01-01-1993,0,0,0,0,0,1,0,0,0,0,0,0,0,1,0,0,0,0,0
806,01-01-1993,0,1,0,0,0,0,1,0,1,0,0,0,0,0,0,0,0,0,0
807,01-01-1993,0,0,0,0,0,0,0,0,1,0,0,0,0,0,0,0,0,0,0
808,01-01-1993,0,1,0,0,0,0,0,0,1,0,0,0,0,0,0,0,0,0,0
809,01-01-1993,0,1,0,0,0,0,0,0,1,0,0,0,0,1,0,0,0,0,0
810,01-01-1994,0,1,0,0,0,0,0,0,0,0,0,0,0,0,0,0,0,0,0
811,01-01-1993,0,0,0,0,0,0,0,1,0,0,0,0,0,0,0,0,0,0,0
812,01-01-1994,0,0,1,0,1,0,0,0,0,0,0,0,0,0,0,0,0,0,0
813,15-03-1996,0,0,0,0,0,0,0,1,0,0,0,0,0,0,0,0,0,0,0
814,01-01-1994,0,0,0,0,0,0,0,1,0,0,0,0,0,0,0,0,0,0,0
815,30-11-1996,0,0,0,0,0,0,0,0,1,0,0,0,0,0,1,0,0,0,0
816,01-01-1995,0,0,0,0,0,0,0,0,0,0,0,1,0,0,0,0,0,0,0
817,29-03-1996,0,0,0,0,0,0,0,0,1,0,0,0,0,0,0,0,0,0,0
818,22-03-1996,0,0,0,0,0,1,0,0,0,0,0,0,0,0,0,0,0,0,0
819,31-05-1996,0,0,0,0,0,1,0,0,0,0,0,0,0,0,0,0,0,0,0
820,15-11-1996,0,0,1,1,1,1,0,0,0,1,0,0,0,0,0,0,0,0,0
821,19-04-1996,0,0,0,0,0,1,0,0,0,0,0,0,0,0,1,0,0,0,0
822,01-01-1968,0,0,0,0,0,0,0,0,1,0,0,0,0,0,0,0,0,0,0
823,26-04-1996,0,0,0,0,0,0,1,0,0,0,1,0,0,0,0,0,1,0,0
824,03-05-1996,0,0,0,0,0,1,0,0,0,0,0,0,0,0,0,0,0,0,0
825,31-05-1996,0,1,0,0,0,0,0,0,0,0,0,0,0,0,0,1,1,0,0
826,07-06-1996,0,0,1,0,0,0,0,0,0,0,0,0,0,0,0,0,0,0,0
827,06-12-1996,0,1,1,0,0,0,0,0,0,0,0,0,0,0,0,0,1,0,0
828,21-08-1996,0,0,1,0,1,0,0,0,0,0,0,0,0,0,0,0,0,0,0
829,19-07-1996,0,1,1,0,0,0,0,0,0,0,0,0,0,0,0,0,0,0,0
830,17-05-1996,0,1,0,0,0,0,0,0,0,0,0,0,0,1,0,0,1,0,0
831,09-08-1996,0,1,1,0,0,0,0,0,0,0,0,0,0,0,0,1,1,0,0
832,06-09-1996,0,0,0,0,1,0,0,0,1,1,0,0,0,0,0,0,0,0,0
833,06-09-1996,0,1,0,0,0,0,0,0,0,0,0,0,0,0,0,0,0,0,0
834,01-01-1995,0,0,0,0,0,0,0,0,0,0,0,1,0,0,0,0,1,0,0
835,01-01-1934,0,0,0,0,0,1,0,0,0,0,0,0,1,0,1,0,0,0,0
836,01-01-1939,0,0,0,0,0,1,0,0,0,0,0,0,0,0,1,0,0,0,0
837,01-01-1941,0,0,0,0,0,0,0,0,1,0,0,0,0,0,0,0,0,0,0
838,30-08-1996,0,1,0,0,0,0,0,0,0,0,0,0,0,0,0,0,0,0,0
839,01-01-1995,0,0,0,0,0,0,0,0,0,0,0,1,0,0,0,0,1,0,0
840,20-09-1996,0,1,0,0,0,0,0,0,1,0,0,0,0,0,0,0,0,0,1
841,04-10-1996,0,1,0,0,0,0,0,0,0,0,0,0,0,0,0,0,1,0,0
842,01-01-1960,0,0,0,0,1,1,0,0,1,0,0,0,0,0,0,0,0,0,0
843,01-01-1959,0,0,0,0,1,1,0,0,0,0,0,0,0,0,0,0,0,0,0
844,23-08-1996,0,0,0,0,0,0,1,0,0,0,0,0,0,0,0,0,0,0,0
845,28-09-1996,0,0,0,0,0,1,0,0,0,0,0,0,0,0,0,0,0,0,0
846,18-10-1996,0,0,0,0,0,0,0,0,1,0,0,0,0,0,1,0,0,0,0
847,11-10-1996,0,0,0,0,0,0,0,1,1,0,0,0,0,0,0,0,0,0,0
848,01-01-1944,0,0,0,0,0,0,0,0,0,0,1,0,0,0,0,0,1,0,0
849,01-01-1990,0,1,0,0,0,0,0,0,0,0,0,0,0,0,1,0,0,0,0
850,27-09-1996,0,0,0,0,0,0,0,1,0,0,0,0,0,0,0,0,0,0,0
851,01-01-1966,0,0,0,0,0,0,0,0,1,0,0,0,0,0,0,0,0,0,0
852,26-10-1996,0,0,0,0,0,0,0,0,1,0,0,0,0,0,0,0,1,0,0
853,01-01-1992,0,0,0,0,0,1,0,0,0,0,0,1,0,0,0,0,0,0,0
854,01-01-1987,0,0,0,0,0,1,0,0,0,0,0,1,0,0,0,0,0,0,0
855,01-01-1981,0,1,0,0,0,0,0,0,1,0,0,0,0,1,1,0,1,0,0
856,01-01-1991,0,0,0,0,0,1,0,0,1,0,0,0,0,0,0,0,0,0,0
857,08-11-1996,0,0,0,0,0,0,0,1,0,0,0,0,0,0,0,0,0,0,0
858,01-01-1996,0,0,0,0,0,0,0,0,0,0,0,1,0,0,0,0,0,0,0
859,01-01-1986,0,0,0,0,0,1,0,0,0,0,0,1,0,0,0,0,0,0,0
860,01-01-1987,0,0,0,0,0,0,0,0,0,0,0,1,0,0,0,0,1,0,0
861,01-01-1986,0,0,0,0,0,0,0,0,0,0,0,1,0,0,0,0,0,0,0
862,22-11-1996,0,0,1,0,1,1,0,0,0,0,0,0,0,0,0,0,0,0,0
863,08-11-1996,0,0,0,0,0,0,0,0,1,0,0,0,0,0,0,0,0,0,0
864,20-12-1996,0,0,0,0,0,1,0,0,0,0,0,0,0,0,0,0,0,0,0
865,01-01-1997,0,0,0,0,0,0,0,0,1,0,0,0,0,0,0,0,0,0,0
866,25-12-1996,0,0,0,0,0,1,0,0,0,0,0,0,0,0,1,0,0,0,0
867,25-12-1996,0,0,0,0,0,0,0,0,1,0,0,0,0,0,0,0,0,0,0
868,10-01-1997,0,0,0,0,0,0,0,0,1,0,0,0,0,0,0,0,0,0,0
869,14-02-1997,0,0,0,0,0,1,0,0,0,0,0,0,0,0,1,0,0,0,0
870,14-02-1997,0,0,0,0,0,0,0,0,0,0,0,0,0,0,1,0,0,0,0
871,14-02-1997,0,0,0,0,0,1,0,0,0,0,0,0,0,0,0,0,0,0,0
872,14-03-1997,0,0,0,0,0,0,0,0,0,0,0,0,0,0,1,0,0,0,0
873,01-08-1997,0,0,0,0,0,1,0,0,0,0,0,0,0,0,1,0,0,0,0
874,08-08-1997,0,0,0,0,0,0,0,0,1,0,0,0,0,0,0,0,0,0,0
875,22-08-1997,0,0,0,0,0,0,0,0,1,0,0,0,0,0,1,0,0,0,0
876,22-08-1997,0,1,0,0,0,1,0,0,0,0,0,0,0,0,0,0,0,0,0
877,01-01-1997,0,0,1,0,0,0,0,0,0,0,0,0,0,0,1,0,0,0,0
878,14-02-1997,0,0,0,0,1,1,0,0,0,0,0,0,0,1,0,0,0,0,0
879,01-01-1997,0,1,0,0,0,0,0,0,0,0,0,0,0,0,0,0,1,1,0
880,01-01-1997,0,0,0,0,0,0,0,0,1,0,0,0,0,0,0,0,0,0,0
881,22-08-1997,0,1,0,0,0,1,0,0,0,0,0,0,0,0,0,0,0,0,0
882,01-01-1997,0,0,0,0,0,0,0,0,1,0,0,0,0,0,0,0,0,0,0
883,01-01-1997,0,0,0,0,0,0,0,0,1,0,0,0,0,0,0,0,0,0,0
884,01-01-1997,0,0,0,0,0,0,0,1,0,0,0,0,0,0,0,0,0,0,0
885,01-01-1998,0,0,0,0,0,0,0,0,0,0,0,1,0,0,0,0,0,0,0
886,01-01-1997,0,0,0,0,0,0,0,0,0,0,0,0,0,0,1,0,1,0,0
887,01-01-1997,0,0,0,0,0,0,0,0,1,0,0,0,0,0,0,0,0,0,0
888,01-01-1997,0,0,0,0,0,0,0,0,1,0,0,0,0,0,0,0,0,0,0
889,01-01-1997,0,0,0,0,0,0,0,0,0,0,0,0,0,0,1,0,0,0,0
890,01-01-1997,0,1,1,0,0,0,0,0,0,0,0,0,0,0,0,0,0,0,0
891,18-12-1997,0,0,0,0,0,0,0,0,1,0,0,0,0,0,0,0,0,1,0
892,01-01-1997,0,0,0,0,1,1,0,0,0,1,0,0,0,0,0,0,0,0,0
893,01-01-1997,0,0,0,0,0,1,0,0,0,0,0,0,0,0,0,0,0,0,0
894,01-01-1997,0,0,0,0,1,1,0,0,0,0,0,0,0,0,0,0,0,0,0
895,01-01-1997,0,0,0,0,0,0,0,0,0,0,0,1,0,0,0,0,1,0,0
896,01-01-1997,0,0,0,0,0,0,0,0,1,0,0,0,0,0,0,0,0,0,0
897,01-01-1995,0,1,1,0,0,0,0,0,0,0,0,0,0,0,0,1,0,0,0
898,01-01-1997,0,0,0,0,0,0,0,0,1,0,0,0,0,0,0,0,0,0,0
899,01-01-1997,0,0,0,0,0,0,0,0,1,0,0,0,0,0,0,0,0,0,0
900,25-12-1997,0,0,0,0,0,0,0,0,1,0,0,0,0,0,0,0,0,0,0
901,25-12-1997,0,0,0,0,0,1,0,0,0,0,0,0,0,0,0,0,0,0,0
902,26-12-1997,0,0,0,0,0,1,1,0,0,0,0,0,0,1,0,0,1,0,0
903,26-12-1997,0,0,0,0,0,0,0,0,1,0,0,0,0,0,1,0,0,0,0
904,26-12-1997,0,0,0,0,0,1,0,0,1,0,0,0,0,0,0,0,0,0,0
905,01-01-1998,0,0,0,0,0,0,0,0,1,0,0,0,0,0,1,0,0,0,0
906,31-12-1997,0,0,0,0,0,0,0,0,1,0,0,0,0,0,1,0,0,0,0
907,01-01-1997,0,0,0,0,0,1,0,0,0,0,0,0,0,0,0,0,0,0,0
908,16-01-1998,0,0,0,0,0,1,0,0,0,0,0,0,0,0,0,0,0,0,0
909,23-01-1998,0,0,0,0,0,0,0,0,1,0,0,0,0,0,0,0,0,0,0
910,06-02-1998,0,0,0,0,0,0,0,0,1,0,0,0,0,0,0,0,0,0,0
911,30-01-1998,0,0,0,0,0,0,1,0,1,0,0,0,0,0,0,0,0,0,0
912,10-03-1998,0,1,0,0,0,0,0,0,0,0,0,0,0,0,0,0,1,0,0
913,10-03-1998,0,0,0,0,0,1,0,0,0,0,0,0,0,0,0,0,0,0,0
914,14-03-1998,0,0,0,0,0,0,1,0,1,0,0,0,0,1,0,0,1,0,0
915,20-03-1998,0,0,0,0,0,0,0,0,1,0,0,0,0,0,0,0,0,0,0
916,27-03-1998,0,1,0,0,0,0,0,0,0,0,0,0,0,0,0,1,1,0,0
917,27-03-1998,0,1,0,0,0,0,0,0,1,0,0,0,0,0,0,0,1,0,0
918,03-04-1998,0,0,0,0,0,0,0,0,0,0,0,0,0,0,1,0,0,0,0
919,01-01-1995,0,0,1,0,0,0,0,0,0,0,0,0,0,0,0,1,0,0,0
920,01-01-1995,0,0,0,0,0,0,0,0,1,0,0,0,0,0,0,0,0,0,0
921,01-01-1993,0,0,0,0,0,0,0,0,1,0,0,0,0,0,1,0,0,0,0
922,10-05-1996,0,0,0,0,0,0,0,0,0,0,0,0,0,0,0,0,0,0,1
923,01-01-1991,0,0,0,0,0,0,0,0,1,0,0,0,0,0,0,0,0,0,0
924,01-01-1996,0,0,1,0,0,0,0,0,1,0,0,0,0,0,0,0,0,0,0
925,23-02-1996,0,0,0,0,0,0,0,0,0,0,0,0,0,0,0,1,1,0,0
926,01-03-1996,0,0,0,0,0,1,0,0,0,0,0,0,0,0,0,0,0,0,0
927,08-03-1996,0,0,0,0,0,0,0,0,1,0,0,0,0,0,0,0,0,0,0
928,26-04-1996,0,0,0,0,0,0,0,0,1,0,0,1,0,0,0,0,0,0,0
929,03-07-1996,0,0,0,0,1,1,0,0,0,0,0,0,0,0,0,0,0,0,0
930,31-07-1996,0,1,1,0,0,0,0,0,0,0,0,0,0,0,0,0,1,0,0
931,23-08-1996,0,0,0,0,0,0,0,0,0,0,0,0,0,0,0,1,1,0,0
932,30-08-1996,0,0,0,0,1,1,0,0,0,0,0,0,0,0,0,0,0,0,0
933,25-10-1996,0,0,0,0,0,0,0,0,1,0,0,0,0,0,0,0,0,0,0
934,13-12-1996,0,0,0,0,0,0,0,0,1,0,0,0,0,0,0,0,0,0,0
935,18-04-1997,0,0,0,0,0,0,0,0,1,0,0,0,0,0,0,0,0,1,0
936,13-06-1997,0,0,0,0,0,1,0,0,1,0,0,0,0,0,1,0,0,0,0
937,01-01-1997,0,0,0,0,0,0,0,0,1,0,0,0,0,0,0,0,0,0,0
938,01-01-1997,0,0,0,0,0,1,0,0,0,0,0,0,0,0,1,0,0,0,0
939,01-01-1995,0,0,0,0,0,0,0,0,1,0,0,0,0,0,0,0,1,0,0
940,01-01-1994,0,0,0,0,0,1,0,0,0,0,0,0,0,0,0,0,0,0,0
941,01-01-1994,0,0,0,0,0,1,0,0,1,0,0,0,0,0,0,0,0,0,0
942,01-01-1993,0,0,0,0,0,0,0,0,1,0,0,0,0,0,0,0,0,0,0
943,01-01-1994,0,0,0,0,0,0,0,0,0,0,0,0,0,0,0,0,1,0,0
944,01-01-1994,0,0,0,0,0,1,0,0,1,0,0,0,0,0,0,0,0,1,0
945,01-01-1963,0,0,0,0,0,1,0,0,0,0,0,0,0,1,1,0,1,0,0
946,01-01-1981,0,0,0,1,1,0,0,0,0,0,0,0,0,0,0,0,0,0,0
947,01-01-1988,0,0,1,0,0,0,0,0,0,0,0,0,0,0,1,0,0,0,0
948,28-02-1997,0,0,0,0,0,1,0,0,0,0,0,0,0,0,1,0,0,0,0
949,01-01-1995,0,0,0,0,0,0,0,0,1,0,0,0,0,0,1,0,0,0,0
950,01-01-1995,0,0,0,0,0,0,0,0,1,0,0,0,0,0,0,0,0,0,0
951,01-01-1995,0,0,1,0,1,0,0,0,0,1,0,0,0,0,0,0,0,0,0
952,01-01-1995,0,0,0,0,0,1,0,0,0,0,0,0,0,0,0,0,0,0,0
953,01-01-1995,0,0,0,0,0,1,0,0,1,0,0,0,0,0,0,0,0,0,0
954,01-01-1995,0,0,0,0,0,0,0,1,0,0,0,0,0,0,0,0,0,0,0
955,01-01-1995,0,0,0,0,0,0,0,0,1,0,0,0,0,0,1,0,0,0,0
956,01-01-1994,0,0,0,0,0,0,0,0,1,0,0,0,0,0,0,0,0,0,0
957,01-01-1992,0,0,0,0,0,1,0,0,0,0,0,0,0,0,0,0,0,0,0
958,01-01-1994,0,0,0,0,0,0,0,0,1,0,0,0,0,0,0,0,0,0,0
959,01-01-1993,0,0,0,0,0,1,0,0,0,0,0,0,0,0,0,0,0,0,0
960,01-01-1993,0,0,0,0,0,0,0,0,1,0,0,0,0,0,0,0,0,0,0
961,01-01-1993,0,0,0,0,0,0,0,0,1,0,0,0,0,0,0,0,0,0,0
962,01-01-1993,0,0,0,0,0,0,0,0,1,0,0,0,0,0,0,0,0,0,0
963,01-01-1993,0,0,0,0,0,0,0,0,1,0,0,0,0,0,0,0,1,0,0
964,01-01-1995,0,0,0,0,0,1,0,0,1,0,0,0,0,0,0,0,0,0,0
965,01-01-1957,0,0,0,0,0,1,0,0,0,0,0,0,1,0,0,0,0,0,0
966,01-01-1957,0,0,0,0,0,0,0,0,0,0,0,0,0,0,1,0,0,0,0
967,01-01-1936,0,0,0,0,0,0,0,0,1,0,0,0,0,0,0,0,0,0,0
968,01-01-1949,0,0,0,0,0,0,0,0,0,0,0,0,1,0,0,0,0,0,0
969,01-01-1968,0,0,0,1,1,0,0,0,0,0,0,0,0,0,0,0,0,0,0
970,01-01-1991,0,0,0,0,0,1,0,0,0,0,0,0,0,0,0,0,0,0,0
971,01-01-1991,0,0,0,0,0,1,0,0,0,0,0,0,0,0,0,0,0,1,0
972,01-01-1992,0,0,0,0,0,0,0,0,1,0,0,0,0,0,0,0,0,0,0
973,18-10-1996,0,0,0,0,0,0,0,1,0,0,0,0,0,0,0,0,0,0,0
974,01-01-1996,0,0,0,0,0,0,0,0,1,0,0,0,0,0,0,0,1,0,0
975,12-04-1996,0,0,0,0,0,0,0,0,0,0,0,0,0,0,0,0,1,0,0
976,23-08-1996,0,1,0,0,0,0,0,0,0,0,0,0,0,0,0,1,1,0,0
977,19-04-1996,0,1,0,0,0,0,0,0,0,0,0,0,0,0,0,0,0,0,0
978,10-05-1996,0,0,0,0,0,0,0,0,0,0,0,0,0,1,0,0,1,0,0
979,30-08-1996,0,0,0,0,0,0,0,0,1,0,0,0,0,0,0,0,1,0,0
980,01-11-1996,0,0,0,0,0,0,0,0,1,0,0,0,0,0,0,0,0,0,0
981,04-09-1996,0,0,0,0,0,0,0,0,1,0,0,0,0,0,0,0,0,0,0
982,13-09-1996,0,1,1,0,0,0,0,0,0,0,0,0,0,0,0,0,1,0,0
983,13-09-1996,0,0,0,0,0,0,0,0,0,0,0,0,0,0,0,0,1,0,0
984,31-01-1997,0,0,0,0,0,0,0,0,0,0,0,0,0,0,0,0,1,0,0
985,15-11-1996,0,0,0,0,0,0,0,0,1,0,0,0,0,0,0,0,0,0,0
986,10-01-1997,0,0,0,0,0,0,0,0,0,0,0,0,0,0,0,0,1,0,0
987,09-05-1997,0,0,0,0,0,0,0,0,0,0,0,0,0,0,0,0,1,0,0
988,07-02-1997,0,0,0,0,0,1,0,0,0,0,0,0,0,0,1,0,0,0,0
989,26-03-1997,0,0,0,1,1,0,0,0,0,0,0,0,1,0,0,0,0,0,0
990,04-04-1997,0,0,0,0,0,0,0,0,1,0,0,0,0,0,1,0,0,0,0
991,11-04-1997,0,0,0,0,0,0,1,0,0,0,0,0,0,0,0,0,0,0,0
992,20-06-1997,0,0,0,0,0,1,0,0,0,0,0,0,0,0,0,0,1,0,0
993,27-06-1997,0,0,1,1,1,1,0,0,0,0,0,0,1,0,0,0,0,0,0
994,20-06-1997,0,0,0,0,0,0,0,0,1,0,0,0,0,0,0,0,0,0,0
995,01-01-1997,0,0,0,0,0,1,0,0,0,0,0,0,0,0,0,0,0,0,0
996,01-01-1995,0,0,0,0,1,1,0,0,0,0,0,0,0,0,0,0,0,0,0
997,01-01-1995,0,0,0,0,0,1,0,0,0,0,0,0,0,0,0,0,0,0,0
998,01-01-1994,0,0,0,0,0,1,0,0,0,0,0,0,0,0,0,0,0,0,0
999,01-01-1994,0,0,0,0,0,1,0,0,0,0,0,0,0,0,0,0,0,0,0
1000,01-01-1994,0,0,0,0,0,1,0,0,0,0,0,0,0,0,0,0,0,0,1
1001,30-08-1996,0,0,0,0,0,1,0,0,0,0,0,0,0,0,0,0,0,0,0
1002,07-02-1997,0,0,0,0,0,1,0,0,0,0,0,0,0,0,0,0,0,0,0
1003,14-02-1997,0,0,0,0,1,1,0,0,0,0,0,0,0,1,0,0,0,0,0
1004,01-01-1993,0,0,0,0,0,0,0,0,1,0,0,0,0,0,0,0,0,0,1
1005,01-01-1991,0,0,0,0,0,0,0,0,1,0,0,0,0,0,0,0,0,0,0
1006,01-01-1991,0,0,0,0,0,0,0,0,1,0,0,0,0,0,0,1,0,0,0
1007,31-01-1997,0,0,0,0,0,1,0,0,0,0,0,0,0,0,0,0,0,0,0
1008,01-05-1996,0,0,0,0,0,0,0,0,1,0,0,0,0,0,0,0,0,0,0
1009,14-06-1996,0,0,0,0,0,0,0,0,1,0,0,0,0,0,0,0,0,0,0
1010,16-08-1996,0,0,0,0,0,0,0,0,1,0,0,0,0,0,0,0,0,0,0
1011,27-09-1996,0,0,0,0,0,0,1,0,0,0,0,0,0,0,0,0,0,0,0
1012,07-03-1997,0,0,0,0,0,1,0,0,1,0,0,0,0,0,0,0,0,0,0
1013,11-04-1997,0,1,1,0,0,0,0,0,0,0,0,0,0,0,0,0,1,0,0
1014,25-04-1997,0,0,0,0,0,1,0,0,0,0,0,0,0,0,0,0,0,0,0
1015,23-05-1997,0,0,0,0,1,0,0,0,1,0,0,0,0,0,0,0,0,0,0
1016,06-06-1997,0,1,1,0,0,0,0,0,0,0,0,0,0,0,0,0,1,0,0
1017,11-10-1996,0,0,0,0,0,0,0,0,1,0,0,0,0,0,0,0,0,0,0
1018,01-01-1990,0,0,0,0,0,0,0,0,1,0,0,0,0,0,0,0,0,0,0
1019,01-01-1989,0,1,0,0,0,0,0,0,0,0,0,0,0,0,0,0,1,0,0
1020,01-01-1944,0,0,0,0,0,0,0,0,0,0,0,0,0,1,0,0,1,0,0
1021,01-01-1963,0,0,0,0,0,0,0,0,1,0,0,0,0,0,0,0,0,0,0
1022,01-01-1997,0,0,0,0,0,0,0,1,0,0,0,0,0,0,0,0,0,0,0
1023,09-05-1997,0,0,0,0,0,1,0,0,0,0,0,0,0,0,0,0,0,0,0
1024,01-01-1997,0,0,0,0,0,0,0,0,0,0,0,0,0,0,1,0,0,0,0
1025,01-01-1997,0,1,0,0,0,0,0,0,1,0,0,0,0,0,0,0,1,0,0
1026,01-01-1997,0,0,0,0,0,1,0,0,1,0,0,0,0,0,0,0,0,0,0
1027,01-01-1995,0,1,0,0,0,0,0,0,0,0,0,0,0,0,0,0,0,0,0
1028,01-01-1995,0,0,0,0,0,1,0,0,0,0,0,0,0,0,1,0,0,0,0
1029,01-01-1995,0,0,0,0,0,1,0,0,0,0,0,0,0,0,0,0,0,0,0
1030,01-01-1993,0,0,0,0,0,1,0,0,0,0,0,0,0,0,0,0,0,0,0
1031,01-01-1994,0,0,1,0,1,0,0,0,0,0,0,0,0,0,0,0,0,0,0
1032,01-01-1994,0,0,0,0,1,1,0,0,0,0,0,0,0,0,0,0,0,0,0
1033,08-03-1996,0,0,1,0,1,0,0,0,0,0,0,0,0,0,0,0,0,0,0
1034,26-04-1996,0,1,1,0,0,0,0,0,0,0,0,0,0,0,0,0,0,0,0
1035,01-01-1993,0,0,0,0,0,1,0,0,0,0,0,0,0,0,0,0,0,0,0
1036,01-01-1991,0,0,0,0,0,1,0,0,0,1,0,0,0,0,0,0,0,0,0
1037,01-01-1982,0,0,0,0,0,1,0,0,0,0,0,0,1,0,1,0,0,0,0
1038,01-01-1997,0,0,0,0,0,0,0,0,0,0,0,0,0,0,0,0,1,0,0
1039,24-01-1997,0,0,0,0,0,0,0,0,1,0,0,0,0,0,0,0,0,0,0
1040,01-01-1996,0,0,0,0,0,1,0,0,0,0,0,0,0,0,1,0,0,0,0
1041,01-01-1995,0,0,0,0,0,1,0,0,0,0,0,0,0,0,1,0,0,0,0
1042,01-01-1995,0,0,0,0,0,0,0,0,0,0,0,0,0,1,0,0,1,0,0
1043,01-01-1995,0,0,0,0,0,1,0,0,0,0,0,0,0,0,0,0,0,0,0
1044,01-01-1994,0,0,0,0,0,1,0,0,1,0,0,0,0,0,0,0,0,0,0
1045,01-01-1993,0,0,0,0,0,0,0,0,1,0,0,0,0,0,0,0,0,0,0
1046,01-01-1993,0,0,0,0,0,0,0,0,0,0,0,0,0,0,0,0,1,0,0
1047,12-07-1996,0,0,0,0,0,1,0,0,0,0,0,0,0,0,0,0,0,0,0
1048,23-08-1996,0,0,0,0,0,1,0,0,0,0,0,0,0,0,1,0,0,0,0
1049,02-08-1996,0,0,0,0,0,1,0,0,0,0,0,0,0,0,0,0,0,0,0
1050,01-01-1947,0,0,0,0,0,0,0,0,1,0,0,0,0,0,1,0,0,0,0
1051,19-10-1996,0,0,0,0,0,1,0,0,0,0,0,0,0,0,0,0,0,0,0
1052,01-01-1995,0,0,0,0,0,1,0,0,0,0,0,1,0,0,0,0,0,0,0
1053,01-01-1995,0,0,0,0,0,0,0,0,1,0,0,0,0,0,0,0,0,0,0
1054,16-02-1996,0,0,0,0,0,1,0,0,0,0,0,0,0,0,0,0,0,0,0
1055,01-01-1994,0,0,0,0,0,0,0,0,1,0,0,0,0,0,0,0,0,0,0
1056,01-01-1992,0,0,0,0,0,0,0,0,0,0,0,1,0,0,0,0,0,0,0
1057,19-04-1996,0,0,0,0,0,1,0,0,0,0,0,0,0,0,0,0,0,0,0
1058,01-01-1994,0,0,1,0,0,0,0,0,1,0,0,0,0,0,0,0,0,0,0
1059,01-01-1996,0,0,0,0,0,1,0,0,0,0,0,0,0,0,0,0,0,0,0
1060,26-07-1996,0,0,1,0,1,0,0,0,0,0,0,0,0,0,0,0,0,0,0
1061,25-12-1996,0,0,0,0,0,1,0,0,1,0,0,0,0,0,0,0,0,0,0
1062,23-01-1998,0,0,0,0,0,0,0,0,1,0,0,0,0,0,0,0,0,0,0
1063,01-01-1995,0,0,0,0,1,0,0,0,1,0,0,0,0,0,0,0,0,0,0
1064,01-01-1947,0,0,0,0,0,0,1,0,0,0,1,0,0,0,0,0,0,0,0
1065,01-01-1983,0,0,0,0,0,0,0,1,0,0,0,0,0,0,0,0,0,1,0
1066,01-01-1995,0,0,0,1,1,0,0,0,0,0,0,0,0,0,0,0,0,0,0
1067,21-02-1996,0,0,0,0,0,1,0,0,0,0,0,0,0,0,0,0,0,0,0
1068,01-03-1996,0,0,0,0,0,0,0,0,1,0,0,0,0,0,0,0,0,0,0
1069,01-01-1994,0,0,0,0,0,0,1,0,1,0,0,0,0,0,0,0,1,0,0
1070,01-01-1995,0,0,0,0,0,1,0,0,0,0,0,0,0,0,0,0,0,0,0
1071,01-01-1995,0,0,0,0,0,1,0,0,0,0,0,0,0,0,0,0,0,0,0
1072,01-01-1995,0,0,0,0,0,1,0,0,0,0,0,0,0,0,1,0,0,0,0
1073,01-01-1994,0,0,0,0,0,0,0,0,0,0,0,0,0,0,0,0,1,0,0
1074,01-01-1994,0,0,0,0,0,1,0,0,1,0,0,0,0,0,0,0,0,0,0
1075,01-01-1994,0,0,0,0,0,0,0,0,1,0,0,0,0,0,0,0,0,0,0
1076,01-01-1994,0,1,1,1,1,0,0,0,0,1,0,0,0,0,0,0,0,0,0
1077,01-01-1994,0,0,0,0,0,0,0,0,0,0,0,0,0,0,0,0,1,0,0
1078,29-03-1988,0,0,0,1,1,0,0,0,0,0,0,0,0,0,0,0,0,0,0
1079,26-07-1996,0,0,0,0,0,1,0,0,0,0,0,0,1,0,0,0,0,0,0
1080,12-07-1996,0,0,0,0,0,1,0,0,0,0,0,0,0,0,0,0,0,0,0
1081,27-09-1996,0,0,0,0,0,0,1,0,0,0,0,0,0,0,0,0,0,0,0
1082,25-04-1997,0,0,0,0,0,0,0,0,1,0,0,0,0,0,0,0,0,0,0
1083,17-01-1997,0,0,0,0,0,0,1,0,0,0,0,0,0,0,0,0,1,0,0
1084,23-02-1996,0,0,0,0,0,0,0,1,0,0,0,0,0,0,0,0,0,0,0
1085,29-03-1996,0,0,0,0,0,0,0,0,1,0,0,0,0,0,1,0,0,0,0
1086,22-03-1996,0,0,0,0,0,0,0,0,1,0,0,0,0,0,0,0,0,0,0
1087,01-03-1996,0,1,0,0,0,0,0,0,0,0,0,0,0,0,0,0,0,0,0
1088,04-04-1997,0,1,0,0,0,0,0,0,0,0,0,0,0,0,0,0,0,0,0
1089,13-06-1997,0,1,0,0,0,0,0,0,0,0,0,0,0,0,1,0,1,0,0
1090,01-01-1993,0,0,0,0,0,0,0,0,0,0,0,0,0,0,0,0,1,0,0
1091,01-01-1977,0,0,1,1,1,0,0,0,0,0,0,0,1,0,0,0,0,0,0
1092,01-11-1996,0,0,0,0,0,1,0,0,0,0,0,0,0,0,0,0,0,0,0
1093,01-03-1996,0,0,0,0,0,1,0,0,0,0,0,0,0,0,0,0,0,0,0
1094,03-04-1996,0,0,0,0,0,1,0,0,0,0,0,0,0,0,0,0,0,0,0
1095,25-10-1996,0,0,0,0,0,1,0,0,0,0,0,0,0,0,0,0,0,0,0
1096,02-05-1997,0,0,0,0,0,0,0,0,0,0,0,0,0,0,1,0,0,0,0
1097,09-02-1996,0,0,0,0,0,0,0,0,1,0,0,0,0,0,0,0,0,0,0
1098,22-03-1996,0,0,0,0,0,1,0,0,0,0,0,0,0,0,0,0,0,0,0
1099,01-01-1994,0,0,0,0,0,0,0,0,1,0,0,0,0,0,0,0,0,0,0
1100,01-01-1994,0,0,0,0,0,1,0,0,1,0,0,0,0,0,1,0,0,0,0
1101,01-01-1993,0,0,0,0,0,0,0,0,1,0,0,0,0,1,0,0,0,0,0
1102,01-01-1996,0,0,0,0,0,1,0,0,0,0,0,0,0,0,1,0,0,0,0
1103,01-01-1990,0,0,0,0,0,1,0,0,1,0,0,0,0,0,0,0,0,0,0
1104,01-01-1992,0,0,0,0,0,1,1,0,1,0,0,0,0,0,0,0,0,0,0
1105,09-01-1998,0,1,1,0,0,0,0,0,0,0,0,0,0,0,0,0,1,0,0
1106,14-03-1998,0,0,0,0,0,0,1,0,1,0,0,0,0,0,0,0,0,0,0
1107,01-01-1995,0,0,0,0,0,0,0,0,1,0,0,0,0,0,0,0,0,0,0
1108,01-01-1995,0,0,0,0,0,0,0,0,1,0,0,0,0,0,0,0,0,0,0
1109,01-01-1994,0,0,0,0,0,0,0,0,1,0,0,0,0,0,0,0,1,0,0
1110,01-01-1995,0,1,0,0,0,1,0,0,0,0,0,0,1,0,0,1,0,0,0
1111,01-03-1996,0,0,0,0,0,0,0,0,1,0,0,0,0,0,0,0,0,0,0
1112,01-01-1994,0,0,0,0,0,0,0,0,1,0,0,0,0,0,0,0,0,0,0
1113,01-01-1994,0,0,0,0,0,0,0,0,1,0,0,0,0,0,0,0,0,0,0
1114,03-04-1996,0,0,0,0,0,1,0,0,0,0,0,0,0,0,0,0,0,0,0
1115,25-10-1996,0,0,0,0,0,1,0,0,1,0,0,0,0,0,1,0,0,0,0
1116,01-01-1940,0,0,1,0,0,0,0,0,0,0,0,0,0,0,0,0,0,0,0
1117,20-09-1996,0,0,0,0,0,0,0,0,1,0,0,0,0,0,0,0,0,0,0
1118,01-01-1978,0,0,0,0,0,1,0,0,0,0,0,0,0,0,0,0,0,0,0
1119,01-01-1987,0,0,0,0,0,0,0,0,1,0,0,0,0,0,1,0,0,0,0
1120,13-11-1996,0,0,0,0,0,1,0,0,0,0,0,0,0,0,0,0,0,0,0
1121,05-04-1996,0,0,0,0,0,0,0,0,1,0,0,0,1,0,0,0,0,0,0
1122,01-01-1939,0,0,0,0,0,0,1,0,1,0,0,0,0,0,0,0,0,0,0
1123,01-01-1954,0,0,0,0,0,0,0,0,1,0,0,0,0,0,0,0,0,0,0
1124,01-01-1932,0,0,0,0,0,0,0,0,0,0,0,0,0,0,1,0,0,1,0
1125,01-01-1961,0,0,0,0,0,0,0,0,0,0,0,0,0,0,0,0,1,0,0
1126,01-01-1958,0,0,1,0,0,0,0,0,1,0,0,0,0,0,0,0,0,0,0
1127,01-01-1998,0,0,0,0,0,0,0,0,1,0,0,0,0,0,0,0,0,0,0
1128,09-02-1996,0,0,0,0,0,0,0,1,0,0,0,0,0,0,0,0,0,0,0
1129,16-02-1996,0,0,0,0,0,0,0,0,1,0,0,0,0,1,1,0,0,0,0
1130,09-02-1996,0,0,0,0,0,0,0,1,0,0,0,0,0,0,0,0,0,0,0
1131,01-01-1995,0,0,0,0,0,0,0,0,0,0,0,0,0,0,0,0,1,0,0
1132,13-09-1996,0,0,0,0,0,0,0,0,1,0,0,0,0,0,1,0,0,0,0
1133,01-01-1975,0,0,1,0,1,0,0,0,0,1,0,0,0,0,0,0,0,0,0
1134,16-10-1996,0,0,0,0,0,0,0,0,1,0,0,0,0,0,0,0,0,0,0
1135,01-01-1991,0,0,0,0,0,0,0,0,1,0,0,0,1,0,0,0,0,0,0
1136,20-12-1996,0,0,0,0,0,0,0,0,1,0,0,0,0,0,0,0,0,0,0
1137,09-10-1996,0,0,0,0,0,0,0,0,1,0,0,0,0,0,1,0,0,0,0
1138,01-09-1997,0,1,0,0,0,1,1,0,1,0,0,0,0,0,0,0,0,0,0
1139,01-01-1995,0,1,0,0,0,0,1,0,0,0,0,0,0,0,0,0,1,0,0
1140,01-01-1994,0,0,0,0,0,1,0,0,0,0,0,0,0,0,0,0,0,0,0
1141,01-01-1993,0,0,0,0,0,0,0,1,0,0,0,0,0,0,0,0,0,0,0
1142,14-02-1997,0,0,0,0,0,0,0,1,0,0,0,0,0,0,0,0,0,0,0
1143,28-02-1997,0,0,0,0,0,0,1,0,0,0,0,0,0,0,0,0,1,0,0
1144,02-05-1997,0,0,0,0,0,0,0,0,1,0,0,0,0,0,0,0,0,0,0
1145,01-01-1994,0,0,0,0,0,0,0,0,1,0,0,0,0,0,0,0,0,0,0
1146,01-01-1993,0,0,0,0,0,0,0,0,1,0,0,0,0,0,0,0,0,0,0
1147,01-01-1995,0,0,0,0,0,0,0,0,1,0,0,0,0,0,0,0,0,0,0
1148,01-01-1994,0,0,0,0,0,0,0,0,1,0,0,0,0,0,0,0,0,0,0
1149,20-12-1971,0,0,0,0,0,0,0,0,1,0,0,0,0,0,0,0,0,0,0
1150,03-05-1996,0,0,0,0,0,0,0,0,1,0,0,0,0,0,0,0,0,0,0
1151,10-05-1996,0,0,0,0,0,0,1,0,0,0,0,0,0,0,0,0,0,0,0
1152,24-01-1997,0,0,0,0,0,0,0,0,0,0,0,0,0,0,1,0,0,1,0
1153,01-01-1993,0,0,0,0,0,0,0,0,1,0,0,0,1,0,0,0,0,0,0
1154,01-01-1965,0,0,0,0,0,0,0,0,0,0,0,0,0,0,0,1,0,0,0
1155,28-06-1996,0,0,0,0,0,1,0,0,0,0,0,0,0,0,1,0,0,0,0
1156,02-08-1996,0,0,0,0,0,0,1,0,1,0,0,0,0,0,0,0,0,0,0
1157,17-01-1997,0,0,0,0,0,0,0,0,0,0,0,1,0,0,0,0,0,0,0
1158,30-10-1996,0,0,0,0,0,0,0,0,1,0,0,0,0,0,0,0,0,0,0
1159,01-01-1979,0,0,0,0,0,0,0,0,0,0,0,0,0,1,0,1,0,0,0
1160,16-05-1997,0,0,0,0,0,0,0,0,1,0,0,0,0,0,1,0,0,0,0
1161,25-10-1996,0,1,0,0,0,0,0,0,1,0,0,0,0,0,0,0,0,0,0
1162,02-08-1996,0,0,0,0,0,1,0,0,0,0,0,0,0,0,0,0,0,0,0
1163,27-12-1996,0,0,0,0,0,0,0,0,1,0,0,0,0,0,0,0,0,0,0
1164,10-01-1997,0,0,0,0,1,0,0,0,0,0,0,0,0,0,0,0,0,0,0
1165,01-01-1996,0,0,0,0,0,1,0,0,1,0,0,0,0,0,0,0,0,0,0
1166,01-01-1993,0,0,0,0,0,1,0,0,0,0,0,0,0,0,0,0,0,0,0
1167,01-01-1994,0,0,0,0,0,1,0,0,0,0,0,0,0,0,0,0,0,0,0
1168,01-01-1993,0,0,0,0,0,0,0,0,1,0,0,0,0,0,0,0,0,0,0
1169,01-01-1994,0,0,0,0,0,0,0,0,1,0,0,0,0,0,0,0,0,0,0
1170,01-01-1994,0,0,0,0,0,1,0,0,1,0,0,0,0,0,0,0,0,0,0
1171,01-01-1994,0,0,0,0,0,0,0,0,1,0,0,0,0,0,0,0,0,0,0
1172,01-01-1939,0,0,0,0,0,1,0,0,0,0,0,0,0,0,0,0,0,0,0
1173,06-06-1997,0,0,0,0,0,0,0,0,1,0,0,0,0,0,1,0,0,0,0
1174,27-09-1996,0,0,0,0,0,0,0,0,1,0,0,0,0,0,0,0,1,0,0
1175,01-01-1997,0,0,0,0,0,0,0,0,0,0,0,0,0,0,1,0,0,0,0
1176,01-01-1997,0,0,0,0,0,0,0,0,1,0,0,0,0,0,0,0,0,1,0
1177,01-01-1996,0,0,0,0,0,1,0,0,0,0,0,0,0,0,0,0,0,0,0
1178,01-01-1994,0,0,0,0,0,1,0,0,0,0,0,0,0,0,0,0,0,0,0
1179,01-01-1995,0,0,0,0,0,1,0,0,0,0,0,0,0,0,0,0,0,0,0
1180,01-01-1994,0,1,0,0,0,1,0,0,0,0,0,0,0,0,0,0,0,0,0
1181,01-01-1994,0,1,0,0,0,1,0,0,0,0,0,0,0,0,0,0,0,0,0
1182,01-01-1994,0,0,0,0,0,1,0,0,0,0,0,0,0,0,0,0,0,0,0
1183,01-01-1994,0,1,0,0,0,1,0,0,0,0,0,0,0,0,0,0,0,0,0
1184,01-01-1994,0,0,0,0,0,0,0,1,0,0,0,0,0,0,0,0,0,0,0
1185,01-01-1994,0,0,0,0,0,1,0,0,0,0,0,0,0,0,0,0,0,1,0
1186,01-01-1994,0,0,0,0,0,1,0,0,1,0,0,0,0,0,0,0,0,0,0
1187,17-05-1975,0,0,0,0,0,0,1,0,0,0,0,0,0,0,0,0,0,0,0
1188,01-01-1990,0,1,0,0,0,1,0,0,0,0,0,0,0,0,0,0,0,0,1
1189,24-01-1997,0,0,0,0,0,0,0,0,1,0,0,0,0,0,0,0,0,0,0
1190,04-04-1997,0,0,0,0,0,1,0,0,0,0,0,0,0,0,1,0,0,0,0
1191,01-02-1998,0,0,0,0,0,0,1,0,1,0,0,0,0,0,0,0,0,0,0
1192,01-01-1993,0,0,0,0,0,0,0,0,1,0,0,0,0,0,0,0,0,0,0
1193,01-01-1994,0,0,0,0,0,0,0,0,1,0,0,0,0,0,0,0,0,0,0
1194,01-01-1994,0,0,0,0,0,0,1,0,1,0,0,0,0,0,0,0,0,0,0
1195,01-01-1993,0,0,0,0,0,0,0,0,1,0,0,0,0,0,0,0,0,0,0
1196,01-01-1992,0,0,0,0,0,0,0,0,1,0,0,0,0,0,0,0,0,0,0
1197,23-03-1996,0,0,0,0,0,1,0,0,1,0,0,0,0,0,0,0,0,0,0
1198,28-06-1960,0,0,0,0,0,0,1,0,0,0,0,0,0,0,0,0,1,0,0
1199,12-04-1996,0,0,0,0,0,1,0,0,0,0,0,1,0,0,0,0,0,0,0
1200,01-01-1950,0,0,0,0,1,0,0,0,1,0,0,0,0,0,0,0,0,0,0
1201,02-04-1996,0,0,0,0,0,0,0,1,0,0,0,0,0,0,0,0,0,0,0
1202,19-07-1996,0,0,0,0,0,1,0,0,0,0,0,0,0,0,0,0,0,0,0
1203,01-01-1935,0,0,0,0,0,1,0,0,0,0,0,0,1,0,1,0,0,0,0
1204,01-01-1942,0,0,0,0,0,1,0,0,1,0,0,0,0,0,0,0,0,1,0
1205,08-11-1996,0,0,0,0,0,0,0,0,1,0,0,0,0,0,0,0,0,0,0
1206,01-01-1993,0,0,0,0,0,1,0,0,0,0,0,0,0,0,0,0,0,0,0
1207,01-01-1995,0,0,0,0,0,0,0,0,0,0,0,0,0,0,0,0,1,0,0
1208,01-01-1995,0,0,0,0,0,0,1,0,1,0,0,0,0,0,0,0,1,0,0
1209,01-01-1994,0,0,0,0,0,1,0,0,0,0,0,0,0,0,0,0,0,0,0
1210,01-01-1995,0,0,0,0,0,0,0,0,0,0,0,0,0,0,0,1,1,0,0
1211,01-01-1994,0,0,0,0,0,0,0,0,1,0,0,0,0,0,1,0,0,0,0
1212,01-01-1993,0,0,0,0,0,0,0,0,1,0,0,0,0,1,1,0,0,0,0
1213,01-01-1993,0,0,0,0,0,0,1,0,1,0,0,0,0,0,0,0,1,0,0
1214,08-03-1976,0,0,0,0,0,0,0,0,1,0,0,0,0,0,0,0,0,0,0
1215,03-05-1996,0,1,0,0,0,0,0,0,0,0,0,0,0,0,0,1,0,0,0
1216,18-04-1997,0,0,0,0,0,0,0,0,0,0,0,0,0,0,1,0,0,0,0
1217,01-01-1995,0,0,0,0,0,0,0,0,0,0,0,0,0,0,0,0,1,0,0
1218,01-01-1995,0,0,0,0,0,1,0,0,0,0,0,0,0,0,0,0,0,0,0
1219,01-01-1995,0,0,0,1,1,1,0,0,0,0,0,0,0,0,1,0,0,0,0
1220,01-01-1995,0,0,0,0,0,0,0,0,1,0,0,0,0,0,0,0,0,0,0
1221,01-01-1994,0,0,0,0,0,0,0,0,1,0,0,0,0,0,0,0,0,0,0
1222,01-01-1993,0,1,0,0,0,0,0,0,0,0,0,0,0,0,0,0,0,0,0
1223,01-01-1993,0,0,0,0,0,0,0,0,1,0,0,0,0,0,0,0,0,0,0
1224,01-01-1994,0,0,0,0,0,0,0,0,1,0,0,0,0,0,0,0,0,0,0
1225,01-01-1995,0,0,0,0,0,1,0,0,0,0,0,0,0,0,0,0,0,0,0
1226,16-05-1997,0,0,0,0,0,0,1,0,1,0,0,0,0,0,0,0,0,0,0
1227,01-01-1995,0,0,0,0,0,0,0,0,1,0,0,0,0,0,0,0,0,0,0
1228,01-01-1995,0,1,0,0,0,0,0,0,0,0,0,0,0,0,0,0,0,0,0
1229,01-01-1995,0,0,0,0,0,0,0,0,1,0,0,0,0,0,0,0,1,0,0
1230,01-01-1994,0,0,0,0,0,1,0,0,0,0,0,0,0,0,0,0,0,0,0
1231,01-01-1990,0,1,0,0,0,0,0,0,1,0,0,0,0,0,0,0,0,0,0
1232,01-01-1991,0,0,0,0,0,0,0,1,0,0,0,0,0,0,0,0,0,0,0
1233,01-01-1996,0,0,0,0,0,0,0,0,1,0,0,0,0,0,0,0,0,0,0
1234,01-01-1998,0,0,0,0,0,1,0,0,0,0,0,0,0,0,0,0,0,0,0
1235,01-01-1994,0,0,0,0,0,0,1,0,0,0,0,0,0,0,0,0,0,0,0
1236,01-01-1997,0,0,0,0,0,0,0,0,1,0,0,0,0,0,0,0,0,0,0
1237,01-01-1996,0,0,0,0,0,1,0,0,1,0,0,0,0,0,0,0,0,0,0
1238,01-01-1996,0,0,0,0,0,0,0,0,1,0,0,0,0,0,0,0,0,0,0
1239,01-01-1995,0,1,1,0,0,0,0,0,0,0,0,0,0,0,1,0,0,0,0
1240,12-04-1996,0,0,0,1,0,0,0,0,0,0,0,0,0,0,0,1,0,0,0
1241,27-06-1997,0,0,0,0,0,1,0,0,1,0,0,0,0,0,0,0,0,0,0
1242,01-01-1991,0,0,0,0,0,1,0,0,0,0,0,0,0,0,0,0,0,0,0
1243,06-02-1998,0,0,0,0,0,0,0,0,0,0,0,1,0,0,0,0,0,0,0
1244,17-01-1997,0,1,0,0,0,0,0,0,0,0,0,0,0,0,0,0,0,0,0
1245,29-01-1997,0,0,0,0,0,0,1,0,0,0,0,0,0,0,0,0,0,0,0
1246,01-01-1995,0,0,0,0,0,1,0,0,0,0,0,0,0,0,0,0,0,0,0
1247,01-01-1994,0,0,0,0,0,0,0,0,0,0,0,0,0,0,0,0,0,0,1
1248,01-01-1994,0,0,0,0,0,0,0,0,0,0,0,0,0,0,0,0,1,0,0
1249,01-01-1993,0,0,0,0,0,1,0,0,0,0,0,0,0,0,0,0,0,0,0
1250,01-01-1995,0,1,0,0,0,0,0,0,0,0,0,0,0,0,0,0,0,0,0
1251,25-04-1997,0,0,0,0,0,1,0,0,0,0,0,0,0,0,0,0,0,0,0
1252,27-06-1997,0,0,0,0,0,0,0,0,1,0,0,0,0,0,0,0,0,0,0
1253,01-01-1995,0,0,0,0,0,0,0,0,0,0,0,0,0,0,0,0,1,0,0
1254,30-05-1997,0,0,0,0,0,1,0,0,0,0,0,0,0,0,0,0,0,0,0
1255,02-05-1997,0,0,0,0,0,0,0,0,1,0,0,0,0,0,0,0,0,0,0
1256,23-05-1997,0,0,0,0,0,0,0,0,1,0,0,0,0,0,0,0,0,0,0
1257,23-05-1997,0,0,0,0,0,0,0,0,1,0,0,0,0,0,0,0,0,0,0
1258,30-05-1997,0,0,0,0,0,1,0,0,0,0,0,0,0,0,1,0,0,0,0
1259,09-02-1996,0,0,0,0,0,1,0,0,0,0,0,0,0,0,1,0,0,0,0
1260,01-01-1995,0,0,0,0,0,0,0,0,1,0,0,0,0,0,0,0,0,0,0
1261,01-01-1995,0,0,0,0,0,0,0,0,1,0,0,0,0,0,0,0,0,0,0
1262,12-07-1996,0,0,0,0,0,0,0,0,0,0,0,0,0,0,1,0,0,0,0
1263,23-08-1996,0,0,0,0,0,0,0,0,1,0,0,0,0,0,0,0,0,0,0
1264,16-08-1996,0,0,0,0,0,0,0,0,1,0,0,0,0,0,0,0,0,0,0
1265,01-01-1997,0,0,0,0,0,0,0,0,1,0,0,0,0,0,0,0,0,0,0
1266,01-01-1973,0,0,0,0,0,0,0,0,1,0,0,0,0,0,0,0,0,0,0
1267,01-01-1995,0,0,0,0,0,0,0,0,1,0,0,0,0,0,0,0,0,0,0
1268,01-01-1992,0,0,0,0,0,0,0,0,1,0,0,0,0,0,0,0,0,0,0
1269,01-01-1957,0,0,0,0,0,1,0,0,0,0,0,0,0,0,1,0,0,0,0
1270,01-01-1993,0,0,0,0,0,1,0,0,0,0,0,0,0,0,0,0,0,0,0
1271,01-01-1994,0,0,0,0,0,1,0,0,0,0,0,0,0,0,0,0,0,0,0
1272,01-01-1994,0,0,0,0,0,1,0,0,1,0,0,0,0,0,0,0,0,0,0
1273,01-01-1994,0,0,0,0,0,0,0,0,1,0,0,0,0,0,0,0,1,0,0
1274,01-01-1993,0,0,0,0,0,0,0,0,0,0,0,0,0,0,0,1,1,0,0
1275,01-01-1994,0,0,0,0,0,0,0,0,0,0,0,0,0,0,0,0,1,0,0
1276,26-04-1996,0,0,0,0,0,0,0,0,1,0,0,0,0,0,0,0,0,0,0
1277,25-09-1996,0,1,0,0,0,0,1,0,0,0,0,0,0,0,0,0,0,0,0
1278,21-03-1997,0,0,0,0,0,0,0,0,1,0,0,0,1,0,0,0,0,0,0
1279,04-07-1997,0,0,1,0,1,0,0,0,0,0,0,0,0,0,0,0,0,0,0
1280,01-01-1997,0,0,0,0,0,0,1,0,0,0,0,0,0,0,0,0,0,0,0
1281,26-07-1996,0,0,0,0,0,0,0,0,1,0,0,0,0,0,0,0,0,0,0
1282,11-10-1996,0,0,0,0,0,0,0,0,1,0,0,0,0,0,0,0,0,0,0
1283,04-07-1997,0,0,0,0,0,1,0,0,0,0,0,0,0,0,0,0,0,0,0
1284,23-02-1996,0,0,0,0,0,0,0,0,1,0,0,0,0,1,0,0,0,0,0
1285,01-01-1994,0,0,0,0,0,0,0,0,1,0,0,0,0,0,0,0,0,0,0
1286,01-01-1937,0,0,0,0,0,1,0,0,0,0,0,0,1,0,1,0,0,0,0
1287,08-03-1996,0,0,0,0,0,1,0,0,0,0,0,0,0,0,0,0,0,0,0
1288,29-03-1996,0,0,0,0,0,1,0,0,0,0,0,0,0,0,0,0,0,0,0
1289,22-03-1996,0,0,0,0,0,0,0,0,0,0,0,0,0,0,1,0,0,0,0
1290,01-01-1994,0,0,0,0,0,0,0,0,1,0,0,0,0,0,1,0,0,0,0
1291,19-04-1996,0,0,0,0,0,1,0,0,0,0,0,0,0,0,0,0,0,0,0
1292,11-07-1997,0,0,0,0,1,0,0,0,0,1,0,0,0,0,0,0,0,0,0
1293,16-01-1998,0,0,1,0,1,0,0,0,0,1,0,0,0,0,0,1,0,0,0
1294,13-02-1998,0,0,0,0,0,0,0,1,0,0,0,0,0,0,0,0,0,0,0
1295,01-01-1997,0,0,0,0,0,1,0,0,1,0,0,0,0,0,0,0,0,0,0
1296,01-01-1996,0,0,0,0,0,1,0,0,1,0,0,0,0,0,0,0,0,0,0
1297,01-01-1994,0,0,0,0,0,0,0,0,1,0,0,0,0,0,1,0,0,0,0
1298,01-01-1953,0,0,0,0,0,1,0,0,0,0,0,0,1,0,0,0,0,0,0
1299,01-01-1941,0,0,0,0,0,0,0,0,1,0,0,0,0,0,1,0,0,0,0
1300,30-05-1997,0,0,0,0,0,0,0,0,1,0,0,0,0,0,1,0,0,0,0
1301,01-01-1981,0,0,0,0,0,1,0,0,0,0,0,0,0,0,0,0,0,0,0
1302,06-06-1997,0,0,0,0,0,1,0,0,0,0,0,0,0,0,0,0,0,0,0
1303,01-01-1994,0,1,0,0,0,0,0,0,0,0,0,0,0,0,0,0,0,0,0
1304,01-01-1996,0,1,0,0,0,0,1,0,0,0,0,0,0,0,0,0,0,0,0
1305,01-01-1995,0,0,0,0,0,1,0,0,0,0,0,0,0,0,0,0,0,0,0
1306,01-01-1994,0,0,0,0,0,0,0,0,1,0,0,0,0,0,0,0,0,0,0
1307,01-01-1994,0,0,0,0,0,0,0,1,0,0,0,0,0,0,0,0,0,0,0
1308,01-01-1994,0,0,0,0,0,1,0,0,1,0,0,0,0,0,0,0,0,0,0
1309,01-01-1974,0,0,0,0,0,0,0,0,1,0,0,0,0,0,0,0,0,0,0
1310,01-01-1945,0,0,0,0,0,0,0,0,1,0,0,0,0,0,0,0,0,0,0
1311,15-01-1996,0,0,0,0,0,1,0,0,1,0,0,0,0,0,0,0,0,0,0
1312,26-07-1996,0,0,0,0,0,1,0,0,1,0,0,0,0,0,0,0,0,0,0
1313,20-02-1998,0,0,0,0,0,0,0,0,0,0,1,0,0,1,0,0,1,0,0
1314,01-01-1994,0,1,1,0,0,0,0,0,0,0,0,0,0,0,0,0,1,0,0
1315,04-04-1997,0,0,0,0,0,0,0,0,1,0,0,0,0,0,1,0,0,0,0
1316,25-12-1997,0,0,0,0,0,0,0,0,1,0,0,0,0,0,0,0,0,0,0
1317,22-03-1996,0,0,0,0,0,0,0,0,1,0,0,0,0,0,0,0,0,0,0
1318,07-06-1996,0,0,0,0,0,0,0,1,0,0,0,0,0,0,0,0,0,0,0
1319,01-03-1996,0,0,0,0,0,0,0,0,1,0,0,0,0,0,0,0,0,0,0
1320,03-05-1996,0,0,0,0,0,0,0,0,1,0,0,0,0,0,0,0,0,0,0
1321,10-05-1996,0,0,0,0,0,1,0,0,0,0,0,0,0,0,0,0,0,0,0
1322,01-01-1993,0,0,0,0,0,1,0,0,0,0,0,0,0,0,0,0,0,0,0
1323,01-01-1994,0,0,0,0,0,0,0,0,1,0,0,0,0,0,0,0,0,0,0
1324,12-04-1996,0,0,0,0,0,0,0,0,1,0,0,0,0,0,0,0,1,0,0
1325,12-04-1996,0,0,0,0,0,0,0,0,1,0,0,0,0,0,0,0,0,0,0
1326,10-05-1996,0,0,0,0,0,0,0,0,1,0,0,0,0,0,0,0,0,0,0
1327,16-09-1994,0,0,0,0,0,0,0,0,1,0,0,0,0,0,0,0,0,0,0
1328,10-05-1996,0,0,0,0,0,0,0,0,1,0,0,0,0,0,0,0,0,0,0
1329,10-05-1996,0,0,0,0,0,0,0,0,1,0,0,0,0,0,0,0,0,0,0
1330,01-01-1994,0,0,0,0,0,0,0,0,1,0,0,0,0,0,0,0,0,0,0
1331,01-01-1995,0,0,0,0,0,0,0,1,0,0,0,0,0,0,0,0,0,0,0
1332,01-01-1993,0,0,0,0,0,0,0,0,1,0,0,0,0,0,0,0,0,0,0
1333,01-01-1994,0,0,0,0,0,1,0,0,1,0,0,0,0,0,0,0,0,0,0
1334,14-06-1996,0,0,0,0,0,0,0,0,1,0,0,0,0,0,0,0,0,0,0
1335,13-09-1996,0,0,0,0,0,0,0,0,1,0,0,0,0,0,0,0,0,0,0
1336,17-07-1996,0,0,0,0,1,1,0,0,0,1,0,0,0,0,0,0,0,0,0
1337,01-11-1996,0,0,0,0,0,1,0,0,0,0,0,0,0,0,0,0,0,0,0
1338,09-08-1996,0,0,0,0,0,0,0,0,1,0,0,0,0,0,0,0,0,0,0
1339,01-01-1993,0,0,0,0,0,1,0,0,1,0,0,0,0,0,0,0,0,0,0
1340,01-01-1995,0,0,0,0,0,0,0,0,0,0,0,0,0,0,1,0,0,0,0
1341,01-01-1992,0,0,0,0,0,0,0,0,1,0,0,0,0,0,0,0,0,0,0
1342,14-06-1996,0,0,0,0,0,0,0,0,1,0,0,0,0,0,0,0,0,0,0
1343,01-01-1995,0,0,0,0,0,0,0,0,1,0,0,0,0,0,0,0,0,0,0
1344,01-01-1993,0,0,0,0,0,0,0,0,1,0,0,0,0,0,0,0,0,0,0
1345,01-01-1994,0,0,0,0,0,0,0,0,1,0,0,0,0,0,0,0,0,0,0
1346,01-01-1992,0,0,0,0,0,0,0,0,1,0,0,0,0,0,0,0,0,0,0
1347,01-01-1958,0,0,0,0,0,0,0,0,1,0,0,0,0,0,0,0,0,0,0
1348,01-01-1990,0,0,0,0,0,0,0,0,1,0,0,0,0,0,0,0,0,0,0
1349,01-01-1993,0,0,0,0,0,1,0,0,0,0,0,0,0,0,0,0,0,0,0
1350,01-01-1949,0,0,0,0,0,0,0,0,1,0,0,0,0,0,0,0,0,0,0
1351,12-07-1996,0,0,0,0,0,1,0,0,0,0,0,0,0,0,0,0,0,0,0
1352,01-01-1976,0,0,0,0,0,0,0,0,1,0,0,0,0,0,0,0,0,0,0
1353,01-01-1994,0,0,0,0,0,0,0,0,0,0,0,0,0,0,1,0,0,0,0
1354,01-01-1992,0,0,0,0,0,0,0,0,1,0,0,0,0,0,0,0,0,0,0
1355,04-10-1996,0,0,0,0,0,0,0,0,1,0,0,0,0,0,0,0,0,0,0
1356,04-10-1996,0,0,0,0,0,1,0,0,0,0,0,0,0,0,0,0,0,0,0
1357,01-01-1994,0,0,0,0,0,0,0,0,0,0,0,0,0,0,1,0,0,1,0
1358,16-09-1996,0,1,0,0,0,0,0,0,0,0,0,0,0,0,0,0,0,0,0
1359,24-09-1996,0,0,0,0,0,0,0,0,1,0,0,0,0,0,0,0,0,0,0
1360,01-01-1994,0,0,0,0,0,1,0,0,0,0,0,0,0,0,0,0,0,0,0
1361,01-01-1996,0,0,0,0,0,1,0,0,0,0,0,0,0,0,0,0,0,0,0
1362,13-09-1996,0,1,0,0,0,0,0,0,0,0,0,0,0,0,0,0,0,0,0
1363,27-09-1996,0,0,0,0,0,0,0,1,0,0,0,0,0,0,0,0,0,0,0
1364,04-10-1996,0,1,0,0,0,0,0,0,0,0,0,0,0,0,0,0,0,0,0
1365,01-01-1993,0,1,0,0,0,0,0,0,1,0,0,0,0,0,0,0,0,0,0
1366,01-01-1994,0,0,0,0,0,0,0,1,1,0,0,0,0,0,0,0,0,0,0
1367,01-01-1994,0,0,0,1,0,0,0,0,0,0,0,0,0,0,0,0,0,0,0
1368,01-01-1994,0,0,0,0,0,0,0,0,1,0,0,0,0,0,0,0,0,0,0
1369,01-01-1950,0,0,0,0,0,0,0,0,1,0,0,0,0,0,0,0,0,0,0
1370,01-01-1994,0,0,0,0,0,0,0,0,1,0,0,0,0,0,0,0,1,0,0
1371,01-01-1994,0,0,0,0,0,1,0,0,0,0,0,1,0,0,0,0,0,0,0
1372,01-01-1994,0,1,0,0,0,0,0,0,0,0,0,0,0,0,0,0,0,0,0
1373,04-02-1971,1,0,0,0,0,0,0,0,0,0,0,0,0,0,0,0,0,0,0
1374,01-01-1980,0,0,0,0,0,1,0,0,0,0,0,0,0,0,0,0,0,0,0
1375,01-01-1993,0,0,0,0,0,0,0,0,1,0,0,0,0,0,0,0,0,0,0
1376,31-01-1997,0,0,0,0,0,1,0,0,0,0,0,0,0,0,0,0,0,0,0
1377,07-02-1997,0,0,0,0,0,1,0,0,0,0,0,0,0,0,1,0,0,0,0
1378,05-03-1997,0,0,0,0,0,0,0,1,0,0,0,0,0,0,0,0,0,0,0
1379,28-03-1997,0,0,0,0,0,0,0,0,0,0,0,0,0,0,1,0,0,0,0
1380,02-05-1997,0,0,0,0,0,0,0,0,1,0,0,0,0,0,0,0,0,0,0
1381,01-01-1996,0,0,0,0,0,0,0,0,1,0,0,0,0,0,0,0,0,0,0
1382,16-05-1997,0,0,0,0,0,0,0,0,1,0,0,0,0,0,0,0,0,0,0
1383,16-05-1997,0,0,1,0,1,0,0,0,0,0,0,0,0,0,0,0,0,0,0
1384,13-06-1997,0,0,0,0,0,0,0,0,1,0,0,0,0,0,0,0,0,0,0
1385,20-06-1997,0,0,0,0,0,1,0,0,0,0,0,0,0,0,1,0,0,0,0
1386,20-06-1997,0,0,0,0,0,0,0,0,0,0,0,0,0,0,0,1,0,0,0
1387,27-06-1997,0,0,0,0,0,0,0,0,0,0,0,0,0,0,1,0,0,0,0
1388,27-06-1997,0,0,0,0,0,0,0,0,1,0,0,0,0,0,0,0,0,0,0
1389,27-06-1997,0,0,0,0,0,0,0,0,1,0,0,0,0,0,0,0,0,0,0
1390,27-06-1997,0,0,0,0,0,0,1,0,0,0,0,0,0,0,0,0,0,0,0
1391,04-07-1997,0,0,0,0,0,0,0,0,1,0,0,0,0,0,0,0,0,0,0
1392,01-01-1997,0,0,0,0,0,0,0,0,1,0,0,0,0,0,0,0,0,0,0
1393,01-01-1997,0,1,0,0,0,0,0,0,0,0,0,0,0,0,0,0,1,0,0
1394,01-01-1997,0,0,0,0,0,0,0,0,0,0,0,0,0,0,1,0,0,0,0
1395,01-01-1998,0,0,0,0,0,0,0,0,1,0,0,0,0,0,0,0,0,0,0
1396,26-07-1996,0,0,0,0,0,0,0,0,1,0,0,0,0,0,0,0,0,0,0
1397,01-01-1934,0,0,0,0,0,0,0,0,1,0,0,0,0,0,0,0,0,0,0
1398,13-11-1996,0,0,0,0,0,0,0,0,1,0,0,0,0,0,0,0,0,0,0
1399,01-01-1997,0,0,0,0,0,0,0,0,0,0,0,0,0,0,0,0,1,0,0
1400,01-01-1995,0,0,0,0,0,0,0,0,1,0,0,0,0,0,1,0,0,0,0
1401,01-01-1993,0,0,0,0,0,0,0,0,1,0,0,0,0,0,0,0,0,0,0
1402,01-01-1993,0,0,0,0,0,0,0,0,1,0,0,0,0,0,0,0,0,0,0
1403,01-01-1994,0,0,0,0,0,1,0,0,1,0,0,0,0,0,0,0,0,0,0
1404,01-01-1987,0,0,0,0,0,1,0,0,0,0,0,0,0,0,0,0,0,0,0
1405,07-03-1997,0,0,0,0,0,0,0,0,1,0,0,0,0,0,0,0,0,0,0
1406,01-01-1995,0,0,0,0,0,0,0,0,1,0,0,0,0,0,1,0,0,0,0
1407,01-01-1994,0,1,0,0,0,0,0,0,0,0,0,0,0,0,0,0,0,0,0
1408,01-01-1995,0,0,0,0,0,1,0,0,0,0,0,0,0,0,0,0,0,0,0
1409,01-01-1994,0,0,0,1,1,0,0,0,0,0,0,0,0,0,0,0,0,0,0
1410,01-01-1993,0,0,0,0,0,0,0,0,1,0,0,0,0,0,0,0,0,0,0
1411,01-01-1968,0,0,1,0,0,0,0,0,0,0,0,0,0,0,0,1,0,0,0
1412,01-01-1995,0,0,0,1,1,0,0,0,0,0,0,0,0,0,0,0,0,0,0
1413,01-01-1994,0,1,0,0,0,0,0,0,0,0,0,0,0,0,0,0,0,0,0
1414,01-01-1995,0,1,0,0,0,0,0,0,0,0,0,0,0,0,0,0,0,0,0
1415,01-01-1994,0,1,0,0,1,0,0,0,0,0,0,0,0,0,0,0,0,0,0
1416,01-01-1994,0,1,0,0,0,0,0,0,0,0,0,0,0,0,0,1,0,0,0
1417,02-05-1997,0,0,0,0,0,0,0,0,1,0,0,0,0,0,0,0,0,0,0
1418,01-01-1993,0,0,0,0,0,0,0,0,1,0,0,0,0,0,0,0,0,0,0
1419,01-01-1994,0,1,0,0,0,0,0,0,0,0,0,0,0,0,0,1,0,0,0
1420,01-01-1997,0,0,0,0,0,1,0,0,0,0,0,0,0,0,0,0,0,0,0
1421,01-01-1993,0,0,0,0,0,0,0,0,1,0,0,0,0,0,0,0,0,0,0
1422,01-01-1993,0,0,0,0,0,0,0,0,0,0,1,0,0,0,0,0,1,0,0
1423,01-01-1995,0,0,0,0,0,0,0,0,1,0,0,0,0,0,0,0,0,1,0
1424,01-01-1994,0,0,0,0,0,1,0,0,1,0,0,0,0,0,1,0,0,0,0
1425,01-01-1994,0,0,0,0,0,1,0,0,1,0,0,0,0,0,0,0,0,0,0
1426,13-09-1996,0,0,0,0,0,1,0,0,1,0,0,0,0,0,0,0,0,0,0
1427,01-11-1996,0,0,0,0,0,0,0,0,1,0,0,0,0,0,0,0,0,0,0
1428,07-02-1997,0,0,0,0,0,1,0,0,0,0,0,0,0,0,0,0,0,0,0
1429,01-01-1998,0,0,0,0,0,0,0,0,1,0,0,0,0,0,1,0,0,0,0
1430,01-01-1997,0,0,0,0,0,0,0,0,1,0,0,0,0,0,0,0,0,0,0
1431,01-01-1997,0,0,0,0,0,0,0,0,0,0,0,0,0,0,0,0,1,0,0
1432,09-10-1998,0,0,0,0,0,0,0,0,1,0,0,0,0,0,0,0,0,0,0
1433,01-01-1997,0,1,0,0,0,0,0,0,1,0,0,0,0,0,0,0,0,0,0
1434,16-01-1998,0,0,0,0,0,0,0,0,0,0,0,0,0,0,1,0,0,0,0
1435,01-01-1995,0,0,0,0,0,1,0,0,0,0,0,0,0,0,0,0,0,0,0
1436,01-01-1993,0,0,0,0,0,0,0,0,1,0,0,0,0,0,1,0,0,0,0
1437,01-01-1994,0,0,0,0,0,1,0,0,0,0,0,0,0,0,0,0,0,0,0
1438,01-01-1995,0,0,0,0,0,0,0,0,1,0,0,0,0,0,0,0,0,0,0
1439,01-01-1994,0,0,0,0,0,0,1,0,1,0,0,0,0,0,0,0,0,0,0
1440,01-01-1994,0,0,0,0,0,0,0,0,1,0,0,0,0,0,0,0,0,0,0
1441,01-01-1995,0,0,0,0,0,0,0,0,1,0,0,0,0,0,1,0,0,0,0
1442,01-01-1995,0,0,0,0,0,0,0,0,1,0,0,0,0,0,0,0,0,0,0
1443,01-01-1994,0,0,0,0,0,0,0,0,1,0,0,0,0,0,0,0,0,0,0
1444,01-01-1965,0,0,0,0,1,1,0,0,0,0,0,0,0,1,0,0,0,0,0
1445,01-01-1994,0,0,0,0,0,0,0,0,1,0,0,0,0,0,0,0,0,0,0
1446,01-01-1995,0,0,0,0,0,1,0,0,0,0,0,0,0,0,0,0,0,0,0
1447,01-01-1993,0,0,0,0,0,0,0,0,1,0,0,0,0,0,0,0,0,0,0
1448,19-04-1996,0,0,0,0,0,0,0,0,1,0,0,0,0,0,0,0,0,0,0
1449,22-03-1996,0,0,0,0,0,0,0,0,1,0,0,0,0,0,0,0,0,0,0
1450,01-01-1947,0,0,1,0,0,0,0,0,0,0,0,0,0,0,1,0,0,0,0
1451,01-01-1940,0,0,0,0,0,0,0,0,0,0,0,0,0,0,0,0,1,0,0
1452,01-01-1943,0,0,0,0,0,1,0,0,0,0,0,0,0,1,0,0,0,0,0
1453,01-01-1946,0,0,0,0,0,0,1,0,1,0,0,0,0,0,0,0,0,0,0
1454,01-01-1947,0,0,0,0,0,0,0,0,0,0,0,0,0,0,0,0,0,0,1
1455,01-01-1943,0,0,0,0,0,0,0,0,0,0,0,0,0,0,0,0,0,0,1
1456,01-01-1954,0,0,0,0,0,1,0,0,1,0,0,0,0,0,0,0,0,0,0
1457,11-10-1996,0,0,0,0,0,1,0,0,1,0,0,0,0,0,0,0,0,0,0
1458,01-01-1937,0,0,0,0,0,1,0,0,0,0,0,0,1,0,1,0,0,0,0
1459,20-09-1996,0,0,0,0,0,0,0,0,0,0,0,0,1,0,0,0,0,0,0
1460,25-10-1996,0,0,0,0,0,1,0,0,1,0,0,0,0,0,0,0,0,0,0
1461,01-01-1935,0,0,0,0,0,1,0,0,0,0,0,0,0,0,0,0,0,0,0
1462,25-12-1996,0,0,0,0,0,0,1,0,1,0,0,0,0,0,1,0,0,0,0
1463,01-01-1997,0,0,0,0,0,1,0,0,0,0,0,0,0,0,0,0,0,0,0
1464,01-01-1995,0,0,0,0,0,0,0,0,1,0,0,0,0,0,0,0,0,0,0
1465,01-01-1995,0,0,0,0,0,1,0,0,1,0,0,0,0,0,0,0,0,0,0
1466,01-01-1995,0,0,0,0,0,0,0,0,1,0,0,0,0,0,0,0,0,0,0
1467,01-01-1993,0,0,0,0,0,0,0,0,1,0,0,0,0,0,0,0,0,0,0
1468,01-01-1995,0,0,0,0,0,0,0,0,1,0,0,0,0,0,0,0,0,0,0
1469,01-01-1995,0,0,1,0,1,0,0,0,0,0,0,0,0,0,0,0,0,0,0
1470,01-01-1995,0,0,0,1,1,0,0,0,0,0,0,0,0,0,0,0,0,0,0
1471,01-01-1995,0,0,0,0,0,0,0,0,0,0,0,0,0,0,0,0,1,0,0
1472,19-07-1996,0,0,0,0,0,1,0,0,0,0,0,0,0,0,0,1,0,0,0
1473,01-01-1939,0,0,0,0,1,0,0,0,1,0,0,0,0,0,0,0,0,0,0
1474,01-01-1994,0,0,0,0,0,1,0,0,0,0,0,0,0,0,1,0,0,0,0
1475,01-01-1993,0,0,0,0,0,1,0,0,1,0,0,0,0,0,0,0,0,0,0
1476,01-01-1948,0,0,0,0,0,0,0,0,0,0,1,0,0,0,0,0,0,0,0
1477,22-04-1997,0,0,0,0,0,0,0,0,0,0,0,1,0,0,0,0,1,0,0
1478,01-01-1995,0,1,0,0,0,0,1,0,1,0,0,0,0,0,0,0,0,0,0
1479,01-01-1995,0,0,0,0,0,1,0,0,0,0,0,0,0,0,0,0,0,0,0
1480,01-01-1974,0,0,1,0,1,1,0,0,0,0,0,0,0,0,0,0,0,0,0
1481,01-01-1994,0,0,0,0,0,0,0,0,1,0,0,0,0,0,0,0,0,0,0
1482,10-05-1996,0,0,0,0,0,0,0,1,0,0,0,0,0,0,0,0,0,0,0
1483,17-03-1998,0,1,0,0,0,0,0,0,1,0,0,0,0,0,1,0,0,0,0
1484,01-01-1994,0,1,0,0,0,1,0,0,0,0,0,0,0,0,0,0,0,0,0
1485,01-01-1994,0,0,0,0,0,0,0,0,1,0,0,0,0,0,1,0,0,1,0
1486,01-01-1995,0,0,0,0,0,0,0,0,1,0,0,0,0,0,0,0,0,0,0
1487,01-01-1993,0,0,0,0,0,1,0,0,0,0,0,0,0,0,1,0,0,0,0
1488,01-01-1993,0,0,0,0,0,0,0,0,1,0,0,0,0,0,0,0,0,0,0
1489,01-01-1994,0,0,0,0,0,1,0,0,0,0,0,0,0,0,0,0,0,0,0
1490,01-01-1993,0,0,0,0,0,1,0,0,0,0,0,0,0,0,0,0,0,0,0
1491,01-01-1995,0,1,0,0,0,0,0,0,1,0,0,0,0,0,0,0,1,0,0
1492,01-01-1994,0,0,0,0,0,1,0,0,0,0,0,0,0,0,0,0,0,0,0
1493,06-09-1996,0,0,0,0,0,0,0,0,0,0,0,0,0,0,1,0,0,0,0
1494,19-04-1996,0,0,0,0,0,1,0,0,0,0,0,0,0,0,0,0,0,0,0
1495,07-08-1996,0,0,0,0,0,0,0,0,1,0,0,0,0,0,0,0,0,0,0
1496,23-08-1996,0,0,0,0,0,1,1,0,0,0,0,0,0,0,0,0,0,0,0
1497,11-10-1996,0,0,0,0,0,0,0,1,0,0,0,0,0,0,0,0,0,0,0
1498,10-01-1997,0,0,0,0,0,1,0,0,0,0,0,0,0,0,0,0,0,0,0
1499,01-01-1994,0,0,0,0,0,1,0,0,0,0,0,0,0,0,0,0,0,0,0
1500,08-11-1996,0,0,0,0,0,1,0,0,0,0,0,0,0,0,0,0,0,0,0
1501,31-01-1997,0,0,0,0,0,0,0,0,0,0,0,0,0,0,0,0,0,1,0
1502,01-01-1994,0,0,0,0,0,1,0,0,0,0,0,0,0,0,1,0,0,0,0
1503,01-01-1995,0,0,1,0,1,0,0,0,0,0,0,0,0,0,0,0,0,0,0
1504,12-07-1996,0,0,0,0,0,1,0,0,0,0,0,0,0,0,0,0,0,0,0
1505,06-09-1996,0,0,0,0,0,0,1,0,1,0,0,0,0,0,0,0,0,0,0
1506,12-04-1996,0,0,0,0,0,0,0,0,1,0,0,0,0,0,0,0,0,0,0
1507,11-10-1996,0,0,0,0,0,1,0,0,0,0,0,0,0,0,0,0,0,0,0
1508,01-01-1995,0,0,0,0,0,0,0,0,1,0,0,0,0,0,0,0,1,0,0
1509,01-01-1994,0,0,0,0,0,1,0,0,0,0,0,0,0,0,0,0,0,0,0
1510,08-11-1996,0,0,0,0,0,0,1,0,0,0,0,0,0,0,0,0,0,0,0
1511,01-05-1997,0,0,0,0,0,1,0,0,0,0,0,0,0,0,0,0,0,0,0
1512,05-04-1996,0,0,0,0,0,0,0,0,1,0,0,0,0,0,0,0,0,0,0
1513,14-05-1997,0,0,0,0,0,1,0,0,0,0,0,0,0,0,0,0,0,0,0
1514,20-06-1997,0,0,0,0,0,0,0,0,1,0,0,0,0,0,0,0,0,0,0
1515,01-01-1995,0,0,1,0,0,0,0,0,0,0,0,0,0,0,1,0,0,0,0
1516,01-01-1994,0,0,0,0,0,0,0,0,1,0,0,0,0,0,0,0,0,0,0
1517,01-01-1996,0,0,0,0,0,0,0,0,1,0,0,0,0,0,0,0,0,0,0
1518,01-01-1995,0,0,0,0,0,0,0,0,1,0,0,0,0,0,0,0,0,0,0
1519,01-01-1995,0,0,0,0,0,0,1,0,1,0,0,0,0,0,0,0,0,0,0
1520,01-01-1995,0,0,0,0,0,0,0,0,0,0,0,1,0,0,0,0,0,0,0
1521,01-01-1993,0,0,0,0,0,1,0,0,0,0,0,0,0,0,1,0,0,0,0
1522,01-01-1994,0,0,0,0,0,0,0,0,0,0,0,0,0,0,0,0,1,0,0
1523,01-01-1994,0,1,1,0,0,0,0,0,0,0,0,0,0,0,0,0,0,0,0
1524,07-06-1996,0,0,0,0,0,0,0,0,1,0,0,0,0,0,0,0,0,0,0
1525,20-03-1998,0,0,0,0,0,1,0,0,0,0,0,0,0,0,1,0,0,0,0
1526,01-01-1985,0,0,0,0,0,0,0,0,1,0,0,0,0,0,1,0,1,0,0
1527,09-01-1998,0,0,0,0,0,1,0,0,0,0,0,0,0,0,0,0,0,0,0
1528,09-05-1997,0,0,0,0,0,0,0,0,1,0,0,0,0,0,0,0,0,0,0
1529,29-03-1996,0,0,0,0,0,0,0,0,0,0,0,0,0,0,0,0,0,1,0
1530,01-01-1995,0,0,0,0,0,0,0,0,1,0,0,0,0,0,0,0,0,0,0
1531,01-01-1995,0,0,1,0,1,0,0,0,0,0,0,0,0,0,0,0,0,0,0
1532,01-01-1994,0,0,0,0,0,0,0,0,1,0,0,0,0,0,0,0,0,0,0
1533,01-01-1993,0,0,0,0,0,0,0,0,1,0,0,0,0,0,0,0,0,0,0
1534,30-05-1997,0,0,0,0,0,1,1,0,0,0,0,0,0,0,0,0,0,0,0
1535,01-01-1994,0,0,0,0,0,0,0,0,1,0,0,0,0,0,0,0,0,0,0
1536,22-07-1996,0,0,0,0,0,0,0,0,1,0,0,0,0,0,0,0,0,0,0
1537,11-04-1997,0,0,0,0,0,1,0,0,0,0,0,0,0,0,0,0,0,0,0
1538,25-04-1997,0,0,0,0,0,0,0,0,1,0,0,0,0,0,0,0,0,0,0
1539,01-01-1993,0,0,0,0,0,0,0,0,1,0,0,0,0,0,0,0,0,0,0
1540,01-01-1995,0,0,1,0,1,0,0,0,0,0,0,0,0,0,0,0,0,0,0
1541,01-01-1994,0,0,0,0,0,0,0,0,1,0,0,0,0,0,0,0,0,0,0
1542,01-01-1926,0,0,0,0,0,0,0,0,1,0,0,0,0,0,0,0,0,0,0
1543,18-10-1996,0,0,0,0,0,0,0,0,1,0,0,0,0,0,0,0,0,0,0
1544,01-01-1995,0,0,0,0,0,1,0,0,0,0,0,0,0,0,0,0,0,0,0
1545,01-01-1995,0,0,0,0,0,0,0,0,1,0,0,0,0,0,1,0,0,0,0
1546,01-01-1988,0,0,0,0,0,0,0,0,1,0,0,0,0,0,0,0,0,0,0
1547,01-01-1995,0,0,0,0,0,0,0,1,0,0,0,0,0,0,0,0,0,0,0
1548,01-01-1995,0,1,0,0,0,0,0,0,0,0,0,0,0,0,0,0,1,0,0
1549,01-01-1995,0,0,0,0,0,0,0,0,0,0,0,0,0,0,0,0,1,0,0
1550,01-01-1995,0,0,0,0,0,1,0,0,0,0,0,0,0,0,0,0,0,0,0
1551,01-01-1994,0,0,0,0,0,0,0,0,1,0,0,0,0,0,0,0,0,0,0
1552,01-01-1995,0,1,0,0,0,0,0,0,0,0,0,0,0,0,0,0,0,0,0
1553,01-01-1995,0,0,0,0,0,0,0,0,0,0,0,0,0,1,0,0,1,0,0
1554,01-01-1994,0,0,0,0,0,0,0,0,1,0,0,0,0,0,0,0,0,0,0
1555,01-01-1993,0,0,1,0,1,0,0,0,0,0,0,0,0,0,0,0,0,0,0
1556,01-01-1995,0,1,0,0,0,0,0,0,1,0,0,0,0,0,0,0,1,0,0
1557,16-02-1996,0,0,0,0,0,1,0,0,1,0,0,0,0,0,0,0,0,0,0
1558,29-03-1996,0,0,0,0,0,0,0,0,1,0,0,0,0,0,0,0,0,0,0
1559,01-01-1994,0,1,0,0,0,0,0,0,1,0,0,0,0,0,0,0,1,0,0
1560,01-01-1981,0,0,0,0,0,0,1,0,0,0,0,0,0,0,0,0,0,0,0
1561,01-01-1994,0,0,0,0,0,0,0,1,1,0,0,0,0,0,0,0,0,0,0
1562,01-01-1993,0,0,0,0,0,0,0,1,0,0,0,0,0,0,0,0,0,0,0
1563,01-01-1994,0,0,0,0,0,0,0,0,0,0,0,0,0,0,1,0,0,0,0
1564,01-01-1991,0,0,0,0,0,0,0,0,1,0,0,0,0,0,0,0,0,0,0
1565,01-01-1992,0,0,0,0,0,0,0,0,1,0,0,0,0,0,0,0,0,0,0
1566,01-01-1943,0,0,0,0,0,0,0,0,1,0,0,0,0,0,0,0,0,0,0
1567,01-01-1992,0,0,0,0,0,1,0,0,0,0,0,0,0,0,0,0,0,0,0
1568,01-01-1992,0,0,0,0,0,1,0,0,0,0,0,0,0,0,1,0,0,0,0
1569,01-01-1987,0,0,0,0,0,1,0,0,1,0,0,0,0,0,0,0,0,0,0
1570,01-01-1992,0,0,0,0,0,1,0,0,0,0,0,0,0,0,0,0,0,0,0
1571,01-01-1973,0,0,0,0,0,0,0,0,1,0,0,0,0,0,0,0,0,0,0
1572,01-01-1982,0,0,0,0,0,0,0,0,1,0,0,0,0,0,0,0,0,0,0
1573,01-01-1968,0,0,0,0,0,0,0,0,0,0,0,1,0,0,0,0,0,0,0
1574,01-01-1995,0,0,0,0,0,0,0,0,0,0,0,0,0,0,0,0,0,1,0
1575,01-01-1990,0,0,0,0,0,0,0,0,1,0,0,0,0,0,0,0,0,0,0
1576,01-01-1987,0,0,0,0,0,0,0,0,0,1,0,0,0,0,0,0,0,0,0
1577,01-01-1956,0,0,0,0,0,0,0,0,1,0,0,0,0,0,0,0,0,0,0
1578,01-01-1967,0,0,0,0,0,0,0,0,1,0,0,0,0,0,0,0,0,0,0
1579,01-01-1988,0,0,0,0,0,0,0,0,0,0,0,0,0,0,0,0,1,0,0
1580,01-01-1933,0,0,0,0,0,0,0,0,0,0,0,0,0,0,1,0,0,0,0
1581,01-01-1950,0,0,0,0,0,0,0,0,0,0,0,0,0,1,0,0,0,0,0
1582,01-01-1947,0,0,0,0,0,0,0,0,0,0,1,0,0,0,0,0,0,0,0
1583,01-01-1986,0,0,0,0,0,0,0,0,1,0,0,0,0,0,0,0,0,0,0
1584,01-01-1946,0,0,0,0,0,0,0,0,1,0,0,0,0,0,0,0,0,0,0
1585,01-01-1990,0,0,0,0,0,0,0,1,0,0,0,0,0,0,0,0,0,0,0
1586,01-01-1992,0,1,0,0,0,0,1,0,1,0,0,0,0,0,0,0,0,0,0
1587,01-01-1958,0,0,0,0,0,0,0,0,0,0,0,0,0,0,0,0,0,0,1
1588,21-02-1997,0,0,0,0,0,1,0,0,1,0,0,0,0,0,0,0,0,0,0
1589,23-05-1997,0,0,0,0,0,1,0,0,0,0,0,0,0,0,0,0,0,0,0
1590,06-06-1997,0,0,0,0,0,0,0,0,1,0,0,0,0,0,0,0,0,0,0
1591,21-01-1998,0,0,0,0,0,0,0,0,1,0,0,0,0,0,0,0,0,0,0
1592,30-01-1998,0,0,0,0,0,0,0,0,1,0,0,0,0,0,0,0,0,0,0
1593,16-08-1996,0,0,0,0,0,1,0,0,0,0,0,0,0,0,0,0,0,0,0
1594,10-03-1998,0,0,0,0,0,0,0,1,0,0,0,0,0,0,0,0,0,0,0
1595,09-02-1996,0,1,0,0,0,0,0,0,0,0,0,0,0,0,0,0,1,0,0
1596,01-01-1995,0,1,0,0,0,0,0,0,0,0,0,0,0,0,0,1,1,0,0
1597,01-01-1992,0,1,0,0,0,0,0,0,1,0,0,0,0,0,0,0,0,0,0
1598,14-03-1997,0,0,0,0,0,0,1,0,0,0,0,0,0,0,0,0,1,0,0
1599,10-05-1996,0,0,0,0,0,0,0,0,1,0,0,0,0,0,0,0,0,0,0
1600,16-05-1997,0,0,0,0,0,1,0,0,0,0,0,0,0,0,0,0,0,0,0
1601,01-01-1997,0,0,0,0,0,0,0,0,0,0,0,0,0,0,0,0,1,0,0
1602,20-03-1998,0,0,0,0,0,0,0,0,1,0,0,0,0,0,0,0,0,0,0
1603,16-02-1996,0,0,0,0,0,0,0,0,1,0,0,0,0,0,0,0,0,0,0
1604,01-01-1948,0,0,0,0,0,0,1,0,0,0,1,0,0,0,0,0,1,0,0
1605,11-07-1997,0,0,0,0,0,1,0,0,0,0,0,0,0,0,0,0,0,0,0
1606,01-01-1997,0,0,0,0,0,0,1,0,0,0,0,0,0,0,0,0,0,0,0
1607,01-01-1998,0,0,0,0,0,0,0,0,1,0,0,0,0,0,0,0,0,0,0
1608,06-06-1997,0,0,1,0,1,0,0,0,1,0,0,0,0,0,0,0,0,0,0
1609,28-03-1997,0,0,0,0,0,1,0,0,0,0,0,0,0,0,0,0,0,0,0
1610,02-05-1997,0,1,0,0,0,0,1,0,0,0,0,0,0,0,1,0,0,0,0
1611,09-05-1997,0,0,0,0,0,1,0,0,0,0,0,0,0,0,0,0,0,0,0
1612,16-01-1998,0,0,0,0,0,0,0,0,0,0,0,0,0,0,1,0,0,0,0
1613,11-02-1998,0,1,0,0,0,0,0,0,1,0,0,0,0,0,0,0,0,0,0
1614,01-01-1958,0,0,0,0,0,1,0,0,1,0,0,0,0,0,0,0,0,0,0
1615,02-05-1997,0,1,1,0,1,0,0,0,0,1,0,0,0,0,0,0,0,0,0
1616,01-01-1995,0,0,0,0,0,0,0,0,1,0,0,0,0,0,0,0,0,0,0
1617,01-01-1997,0,0,0,0,0,0,0,0,0,0,0,0,0,0,1,0,0,0,0
1618,01-01-1990,0,1,0,0,0,0,1,0,0,0,0,0,0,0,0,0,0,0,0
1619,08-03-1996,0,0,0,0,0,0,0,0,1,0,0,0,0,0,0,0,0,0,0
1620,28-03-1997,0,0,0,0,0,1,0,0,0,0,0,0,0,0,0,0,0,0,0
1621,26-04-1996,0,0,0,0,0,0,0,0,0,0,0,0,0,0,0,0,1,0,0
1622,01-01-1993,0,0,0,0,0,1,0,0,0,0,0,0,0,0,0,0,0,0,0
1623,20-12-1996,0,0,0,0,0,0,0,0,1,0,0,0,0,0,0,0,0,0,0
1624,10-03-1998,0,0,0,0,0,0,0,0,0,0,0,0,0,0,0,0,1,0,0
1625,22-04-1997,0,0,0,0,0,0,0,0,0,0,0,1,0,0,0,0,1,0,0
1626,09-02-1996,0,0,0,0,0,1,0,0,1,0,0,0,0,0,0,0,0,0,0
1627,26-07-1996,0,0,0,0,0,1,0,0,1,0,0,0,0,0,0,0,0,0,0
1628,01-01-1994,0,0,0,0,0,0,0,0,1,0,0,0,0,0,0,0,0,0,0
1629,01-01-1995,0,0,0,0,0,0,0,1,0,0,0,0,0,0,0,0,0,0,0
1630,02-02-1996,0,0,0,0,0,0,0,0,1,0,0,0,0,0,0,0,0,0,0
1631,01-01-1993,0,0,0,0,0,1,0,0,1,0,0,0,0,0,0,0,0,0,0
1632,29-03-1996,0,0,0,0,0,0,0,0,0,0,0,0,0,0,0,0,0,1,0
1633,08-03-1996,0,0,0,0,0,1,0,0,1,0,0,0,0,0,0,0,0,0,0
1634,19-04-1996,0,0,0,0,0,0,0,0,1,0,0,0,0,0,0,0,0,0,0
1635,26-04-1986,0,0,0,0,0,0,0,0,1,0,0,0,0,0,0,0,0,0,0
1636,26-04-1996,0,0,0,0,0,0,0,0,1,0,0,0,0,0,0,0,0,0,0
1637,23-08-1996,0,0,0,0,0,0,0,0,1,0,0,0,0,0,0,0,0,0,0
1638,25-10-1996,0,0,0,0,0,0,1,0,1,0,0,0,0,0,0,0,0,0,0
1639,22-11-1996,0,0,0,0,0,0,0,0,1,0,0,0,0,0,0,0,0,0,0
1640,01-11-1996,0,0,0,0,0,0,0,0,1,0,0,0,0,0,0,0,0,0,0
1641,18-09-1996,0,0,0,0,0,0,0,1,0,0,0,0,0,0,0,0,0,0,0
1642,27-12-1996,0,0,0,0,0,0,0,0,1,0,0,0,0,0,0,0,0,0,0
1643,10-01-1997,0,0,0,0,0,0,0,0,1,0,0,0,0,0,0,0,0,0,0
1644,13-06-1997,0,0,0,0,0,1,0,0,0,0,0,0,0,0,0,0,0,0,0
1645,01-01-1998,0,0,0,0,0,0,0,0,1,0,0,0,0,0,0,0,0,0,0
1646,06-03-1998,0,1,0,0,0,0,0,0,1,0,0,0,0,0,0,0,0,0,0
1647,20-03-1998,0,0,0,0,0,1,1,0,1,0,0,0,0,0,0,0,0,0,0
1648,20-03-1998,0,0,0,0,0,0,0,0,1,0,0,0,0,0,0,0,0,0,0
1649,27-03-1998,0,0,0,0,0,1,0,1,0,0,0,0,0,0,0,0,0,0,0
1650,01-01-1998,0,0,0,0,0,0,0,0,1,0,0,0,0,0,0,0,0,0,0
1651,27-03-1998,0,0,0,0,0,0,0,0,1,0,0,0,0,0,0,0,1,0,0
1652,13-06-1997,0,0,0,0,0,0,0,0,0,0,0,0,0,0,1,0,0,0,0
1653,27-09-1996,0,0,0,0,0,0,0,0,1,0,0,0,0,0,0,0,0,0,0
1654,01-01-1998,0,0,0,0,0,1,0,0,0,0,0,0,0,0,0,0,0,0,0
1655,01-01-1994,0,0,0,0,0,1,0,0,0,0,0,0,0,0,1,0,0,0,0
1656,20-02-1998,0,0,0,0,0,1,0,0,0,0,0,0,0,0,1,0,0,0,0
1657,28-02-1996,0,1,0,0,0,0,0,0,1,0,0,0,0,0,0,0,0,0,0
1658,06-12-1996,0,0,0,0,0,0,0,0,1,0,0,0,0,0,0,0,0,0,0
1659,12-04-1996,0,0,0,0,0,1,0,0,0,0,0,0,0,0,0,0,0,0,0
1660,09-08-1996,0,0,0,0,0,0,0,0,1,0,0,0,0,0,0,0,0,0,0
1661,01-01-1994,0,0,0,0,0,0,0,0,1,0,0,0,0,0,0,0,0,0,0
1662,30-05-1997,0,0,0,0,0,0,0,0,1,0,0,0,0,0,1,0,0,0,0
1663,30-04-1997,0,0,0,0,0,0,0,0,1,0,0,0,0,0,0,0,0,1,0
1664,18-04-1997,0,0,0,0,0,1,0,0,0,0,0,0,0,0,0,0,0,0,0
1665,25-04-1997,0,0,0,0,0,0,0,0,1,0,0,0,0,0,0,0,0,0,0
1666,02-05-1997,0,0,0,0,0,0,0,0,1,0,0,0,0,0,0,0,0,0,0
1667,13-06-1997,0,0,0,0,0,0,0,0,1,0,0,0,0,0,0,0,0,0,0
1668,13-06-1997,0,0,0,0,0,1,0,0,0,0,0,0,0,0,0,0,0,0,0
1669,20-06-1997,0,0,0,0,0,0,1,0,1,0,0,0,0,1,0,0,0,0,0
1670,01-02-1998,0,0,0,0,0,1,0,0,0,0,0,0,0,0,0,0,1,0,0
1671,20-02-1998,0,0,0,0,0,0,0,0,1,0,0,0,0,0,0,0,0,0,0
1672,01-01-1993,0,0,0,0,0,0,0,0,1,0,0,0,0,0,0,0,0,0,0
1673,01-01-1995,0,1,0,0,0,0,0,0,0,0,0,0,0,0,0,0,1,0,0
1674,01-01-1962,0,0,0,0,0,0,0,0,1,0,0,0,0,0,0,0,0,0,0
1675,25-10-1996,0,0,0,0,0,0,0,0,1,0,0,0,0,0,0,0,0,0,0
1676,01-01-1996,0,0,0,0,0,0,0,0,1,0,0,0,0,0,0,0,0,0,0
1677,20-09-1996,0,0,0,0,0,0,0,0,1,0,0,0,0,0,0,0,0,0,0
1678,06-02-1998,0,0,0,0,0,0,0,0,1,0,0,0,0,0,0,0,0,0,0
1679,06-02-1998,0,0,0,0,0,0,0,0,0,0,0,0,0,0,1,0,1,0,0
1680,01-01-1998,0,0,0,0,0,0,0,0,1,0,0,0,0,0,1,0,0,0,0
1681,01-01-1994,0,0,0,0,0,1,0,0,0,0,0,0,0,0,0,0,0,0,0
1682,08-03-1996,0,0,0,0,0,0,0,0,1,0,0,0,0,0,0,0,0,0,0
